;UnderlyingPrice;Strike;Type;Expiration;Last;Bid;Ask;Volume;IVMean;IVBid;IVAsk;Delta;Gamma;Theta;Vega
0;174,09;125,0;call;01/08/2016;0,0;46,95;50,8;0;0,0874;0,0;3,1911;1,0;0,0;0,0;0,0
1;174,09;125,0;put;01/08/2016;0,0;0,0;0,31;0;1,9822;0,0;2,2141;-0,015;0,0014;-0,2242;0,0053
2;174,09;130,0;call;01/08/2016;0,0;41,8;45,8;0;0,0874;0,0;2,8946;1,0;0,0;0,0;0,0
3;174,09;130,0;put;01/08/2016;0,0;0,0;0,31;0;1,7931;0,0;1,9882;-0,0175;0,0017;-0,231;0,006
4;174,09;135,0;call;01/08/2016;0,0;36,95;40,9;0;0,0874;0,0;2,648;1,0;0,0;0,0;0,0
5;174,09;135,0;put;01/08/2016;0,0;0,0;0,33;0;1,5624;0,0;1,7887;-0,0179;0,002;-0,2058;0,0061
6;174,09;140,0;call;01/08/2016;0,0;31,75;35,8;0;0,0874;0,0;2,3219;1,0;0,0;0,0;0,0
7;174,09;140,0;put;01/08/2016;0,0;0,0;0,22;0;1,3428;0,0;1,4610000000000000;-0,0186;0,0024;-0,1823;0,0063
8;174,09;145,0;call;01/08/2016;0,0;26,75;30,95;0;0,0874;0,0;2,0976;1,0;0,0;0,0;0,0
9;174,09;145,0;put;01/08/2016;0,0;0,0;0,23;0;1,1126;0,0;1,2704;-0,0179;0,0028;-0,146;0,0061
10;174,09;150,0;call;01/08/2016;0,0;21,9;25,55;0;0,0874;0,0;1,6795;1,0;0,0;0,0;0,0
11;174,09;150,0;put;01/08/2016;0,06;0,0;0,13;0;0,8797;0,0;0,9684;-0,0157;0,0032;-0,1032;0,0055
12;174,09;152,5;call;01/08/2016;0,0;19,35;23,3;0;0,0874;0,0;1,6288;1,0;0,0;0,0;0,0
13;174,09;152,5;put;01/08/2016;0,07;0,0;0,13;0;0,7818;0,0;0,8769;-0,0158;0,0036;-0,0923;0,0055
14;174,09;155,0;call;01/08/2016;0,0;17,15;20,2;0;0,0874;0,0;1,2926;1,0;0,0;0,0;0,0
15;174,09;155,0;put;01/08/2016;0,07;0,0;0,07;0;0,6727;0,0;0,7101;-0,0144;0,0039;-0,0733;0,0051
16;174,09;157,5;call;01/08/2016;0,0;14,8;17,7;0;0,0874;0,0;1,1654;1,0;0,0;0,0;0,0
17;174,09;157,5;put;01/08/2016;0,06;0,0;0,13;3;0,5885;0,0;0,6945;-0,0157;0,0048;-0,0691;0,0055
18;174,09;160,0;call;01/08/2016;15,05;12,7;15,3;5;0,0874;0,0;1,067;1,0;0,0;0,0;0,0
19;174,09;160,0;put;01/08/2016;0,04;0,0;0,08;112;0,512;0,0;0,5534;-0,0187;0,0064;-0,0697;0,0064
20;174,09;162,5;call;01/08/2016;0,0;9,75;12,8;0;0,0874;0,0;0,9343;1,0;0,0;0,0;0,0
21;174,09;162,5;put;01/08/2016;0,09;0,0;0,14;186;0,4646;0,0;0,5186;-0,0305;0,0107;-0,0956;0,0096
22;174,09;165,0;call;01/08/2016;9,38;8,05;9,7;12;0,0874;0,0;0,6242;1,0;0,0;0,0;0,0
23;174,09;165,0;put;01/08/2016;0,2;0,13;0,17;165;0,4304;0,4179;0,4429;-0,0576;0,0192;-0,14800000000000000;0,016
24;174,09;167,5;call;01/08/2016;0,0;5,8;7,2;0;0,0874;0,0;0,5008;1,0;0,0;0,0;0,0
25;174,09;167,5;put;01/08/2016;0,39;0,26;0,33;169;0,3969;0,3834;0,4104;-0,109;0,0338;-0,2211;0,026000000000000000
26;174,09;170,0;call;01/08/2016;4,74;4,1;4,9;24;0,2787;0,1375;0,4199;0,8595;0,0575;-0,1854;0,0311
27;174,09;170,0;put;01/08/2016;0,85;0,57;0,68;440;0,3742;0,3605;0,3879;-0,2091;0,0552;-0,3209;0,04
28;174,09;172,5;call;01/08/2016;3,0;2,81;3,05;48;0,3685;0,3457;0,3913;0,6278;0,0738;-0,4157;0,0527
29;174,09;172,5;put;01/08/2016;1,38;1,3;1,39;146;0,3695;0,3609;0,37800000000000000;-0,3725;0,0736;-0,41700000000000000;0,0527
30;174,09;175,0;call;01/08/2016;1,57;1,5;1,63;774;0,3569;0,345;0,3688;0,4331;0,0792;-0,4187;0,0547
31;174,09;175,0;put;01/08/2016;2,61;2,33;2,6;55;0,355;0,3304;0,3797;-0,5673;0,0796;-0,4164;0,0547
32;174,09;177,5;call;01/08/2016;0,68;0,68;0,78;709;0,355;0,3439;0,3662;0,2517;0,0645;-0,3377;0,0444
33;174,09;177,5;put;01/08/2016;4,2;3,95;5,1;11;0,4316;0,31;0,5531;-0,7071;0,0572;-0,4427;0,0479
34;174,09;180,0;call;01/08/2016;0,28;0,27;0,29;556;0,3496;0,34600000000000000;0,3532;0,1189;0,0408;-0,2072;0,0277
35;174,09;180,0;put;01/08/2016;6,37;5,95;7,3;22;0,4315;0,2255;0,6375;-0,8290000000000000;0,0423;-0,3269;0,0353
36;174,09;182,5;call;01/08/2016;0,12;0,02;0,16;120;0,3311;0,2711;0,3911;0,0385;0,0181;-0,0824;0,0116
37;174,09;182,5;put;01/08/2016;9,0;8,2;9,75;81;0,5183;0,0;0,7560000000000000;-0,8682;0,0296;-0,3302;0,0297
38;174,09;185,0;call;01/08/2016;0,08;0,05;0,13;30;0,4206;0,3848;0,4564;0,0367;0,0137;-0,1007;0,0112
39;174,09;185,0;put;01/08/2016;5,34;9,85;12,6;0;0,5702;0,0;0,9627;-0,905;0,0213;-0,2875;0,0235
40;174,09;187,5;call;01/08/2016;0,05;0,05;0,1;34;0,4825;0,4548;0,5101;0,0284;0,0097;-0,0937;0,0091
41;174,09;187,5;put;01/08/2016;6,5;12,4;15,0;0;0,6532;0,0;1,0557;-0,9185;0,0166;-0,2939;0,021
42;174,09;190,0;call;01/08/2016;0,05;0,0;0,13;5;0,5496;0,0;0,611;0,0245;0,0075;-0,0943;0,008
43;174,09;190,0;put;01/08/2016;6,6;14,9;17,65;0;0,7245;0,0;1,2066;-0,9307;0,0132;-0,28800000000000000;0,0186
44;174,09;192,5;call;01/08/2016;0,04;0,0;0,13;0;0,6175;0,0;0,6843;0,0221;0,0061;-0,0972;0,0073
45;174,09;192,5;put;01/08/2016;9,4;17,25;20,2;0;0,8282;0,0;1,3283;-0,9312;0,0115;-0,3272;0,0184
46;174,09;195,0;call;01/08/2016;0,02;0,0;0,17;0;0,7154;0,0;0,7924;0,0253;0,0059;-0,1261;0,0082
47;174,09;195,0;put;01/08/2016;7,74;19,9;22,65;0;0,8756;0,0;1,4188;-0,9435;0,0093;-0,2966;0,0158
48;174,09;197,5;call;01/08/2016;0,1;0,0;0,32;0;0,7945;0,0;0,9741;0,0253;0,0053;-0,14;0,0082
49;174,09;197,5;put;01/08/2016;11,3;22,05;25,05;0;0,9267;0,0;1,4898;-0,9521;0,0077;-0,2754;0,0139
50;174,09;200,0;call;01/08/2016;0,07;0,0;0,14;0;0,8834;0,0;0,9025;0,0269;0,005;-0,1635;0,0086
51;174,09;200,0;put;01/08/2016;24,77;24,8;27,65;0;1,0129;0,0;1,6162;-0,9528;0,007000000000000000;-0,2975;0,0137
52;174,09;202,5;call;01/08/2016;0,21;0,0;0,33;0;0,9664;0,0;1,1295;0,0276;0,0047;-0,1828;0,0088
53;174,09;202,5;put;01/08/2016;0,0;26,8;30,75;0;1,1213;0,0;1,885;-0,9496;0,0066;-0,3469;0,0144
54;174,09;205,0;call;01/08/2016;0,09;0,0;0,33;0;1,0404;0,0;1,2011;0,0272;0,0043;-0,1948;0,0087
55;174,09;205,0;put;01/08/2016;29,79;29,8;32,85;0;1,26;0,0;1,8636;-0,9420000000000000;0,0066;-0,4358;0,0161
56;174,09;207,5;call;01/08/2016;0,0;0,0;0,32;0;1,1402;0,0;1,2637;0,03;0,0043;-0,2317;0,0095
57;174,09;207,5;put;01/08/2016;0,0;31,8;35,8;0;1,3181;0,0;2,0884;-0,9466;0,0059;-0,42700000000000000;0,0151
58;174,09;210,0;call;01/08/2016;0,15;0,0;0,33;0;1,1848;0,0;1,3395;0,0267;0,0037;-0,218;0,0086
59;174,09;210,0;put;01/08/2016;0,0;34,25;38,3;0;1,3615;0,0;2,1794;-0,9524;0,0052;-0,4029;0,0138
60;174,09;212,5;call;01/08/2016;0,17;0,0;0,32;0;1,245;0,0;1,3985;0,0254;0,0034;-0,22;0,0082
61;174,09;212,5;put;01/08/2016;0,0;36,6;40,8;0;1,4143;0,0;2,2682;-0,956;0,0047;-0,3923;0,0129
62;174,09;215,0;call;01/08/2016;0,01;0,0;0,32;0;1,3051;0,0;1,4642;0,0244;0,0032;-0,2228;0,008
63;174,09;215,0;put;01/08/2016;0,0;39,3;43,3;0;1,4838;0,0;2,3547;-0,9573;0,0044;-0,4024;0,0127
64;174,09;217,5;call;01/08/2016;0,01;0,0;0,32;0;1,3195;0,0;1,5277;0,0198;0,0026;-0,1891;0,0067
65;174,09;217,5;put;01/08/2016;0,0;41,75;45,8;0;1,5608;0,0;2,4393;-0,9574;0,0042;-0,42200000000000000;0,0126
66;174,09;220,0;call;01/08/2016;0,11;0,0;0,13;0;1,3591;0,0;1,3779;0,0179;0,0023;-0,1785;0,0061
67;174,09;220,0;put;01/08/2016;0,0;44,3;48,25;0;1,6288;0,0;2,5061;-0,9584;0,0039;-0,4324;0,0124
68;174,09;222,5;call;01/08/2016;0,01;0,0;0,32;0;1,4277;0,0;1,6522;0,0182;0,0022;-0,1903;0,0062
69;174,09;222,5;put;01/08/2016;0,0;46,7;50,75;0;1,6664;0,0;2,5867;-0,9620000000000000;0,0036;-0,4104;0,0115
70;174,09;225,0;call;01/08/2016;0,01;0,0;0,32;0;1,5088;0,0;1,7124;0,0194;0,0022;-0,2124;0,0066
71;174,09;225,0;put;01/08/2016;0,0;49,2;53,3;0;1,7245;0,0;2,682;-0,9634;0,0033;-0,4123;0,0112
72;174,09;230,0;call;01/08/2016;0,0;0,0;0,32;0;1,6670000000000000;0,0;1,8299;0,0215;0,0022;-0,2563;0,0072
73;174,09;230,0;put;01/08/2016;0,0;54,2;58,3;0;1,8496;0,0;2,8356;-0,9648;0,003;-0,4283;0,0108
74;174,09;235,0;call;01/08/2016;0,0;0,0;0,32;0;1,7482;0,0;1,9436;0,0189;0,0019;-0,2409;0,0064
75;174,09;235,0;put;01/08/2016;0,0;59,2;63,3;0;1,9474;0,0;2,9834;-0,9678;0,0027;-0,4194;0,01
76;174,09;240,0;call;01/08/2016;0,0;0,0;0,32;0;1,8477;0,0;2,0538;0,0179;0,0017;-0,2427;0,0061
77;174,09;240,0;put;01/08/2016;0,0;64,25;68,1;0;2,0144;0,0;3,054;-0,9721;0,0023;-0,3846;0,0089
78;174,09;245,0;call;01/08/2016;0,0;0,0;0,31;0;1,9406;0,0;2,1493;0,0168;0,0015;-0,2417;0,0058
79;174,09;245,0;put;01/08/2016;0,0;69,2;73,1;0;2,0596;0,0;3,1898;-0,9768;0,0019;-0,3366;0,0076
80;174,09;80,0;call;01/15/2016;110,8;91,75;95,7;0;37,1114;0,0;3,2429;0,9982;0,0;-0,166;0,0009
81;174,09;80,0;put;01/15/2016;0,02;0,0;0,02;0;1,5989;0,0;1,7004;-0,0008;0,0001;-0,0063;0,0007
82;174,09;85,0;call;01/15/2016;97,02;86,75;90,7;0;31,5029;0,0;3,022;0,9953;0,0;-0,5275;0,0032
83;174,09;85,0;put;01/15/2016;0,02;0,0;0,16;0;1,7669;0,0;1,9866;-0,0037;0,0002;-0,0293;0,0031
84;174,09;90,0;call;01/15/2016;98,0;81,9;85,7;0;26,3602;0,0;2,8144;0,9874;0,0;-1,1925;0,0086
85;174,09;90,0;put;01/15/2016;0,03;0,0;0,16;0;1,7181;0,0;1,8411;-0,0056;0,0003;-0,0411;0,0045
86;174,09;95,0;call;01/15/2016;0,0;76,8;80,7;0;21,6833;0,0;2,6175;0,971;0,0001;-2,0722;0,018000000000000000
87;174,09;95,0;put;01/15/2016;0,06;0,0;0,16;0;1,6109;0,0;1,7032;-0,0066;0,0004;-0,0447;0,0052
88;174,09;100,0;call;01/15/2016;73,97;71,9;75,7;4;17,4723;0,0;2,4307;0,9439;0,0002;-2,8956;0,0311
89;174,09;100,0;put;01/15/2016;0,02;0,0;0,16;0;1,4397;0,0;1,5720000000000000;-0,0059;0,0004;-0,0359;0,0046
90;174,09;105,0;call;01/15/2016;85,87;66,75;70,8;0;13,7272;0,0;2,283;0,9071;0,0004;-3,3666;0,046
91;174,09;105,0;put;01/15/2016;0,1;0,0;0,17;0;1,3273;0,0;1,4591;-0,0065;0,0005;-0,0362;0,0051
92;174,09;110,0;call;01/15/2016;81,65;61,75;65,8;0;10,4478;0,0;2,1101;0,8657;0,0007;-3,342;0,06
93;174,09;110,0;put;01/15/2016;0,11;0,0;0,17;0;1,2214;0,0;1,3384;-0,0073;0,0006;-0,0368;0,0056
94;174,09;115,0;call;01/15/2016;69,86;56,9;60,85;0;7,6343;0,0;1,9577;0,8281;0,0012;-2,8788;0,0707
95;174,09;115,0;put;01/15/2016;0,11;0,0;0,18;0;1,1082;0,0;1,2327;-0,0077;0,0007;-0,0351;0,0059
96;174,09;120,0;call;01/15/2016;63,4;51,9;55,85;0;5,2867;0,0;1,7974;0,8049;0,0019;-2,1551;0,0765
97;174,09;120,0;put;01/15/2016;0,01;0,0;0,13;5;1,0028;0,0;1,0686;-0,0083;0,0008;-0,034;0,0063
98;174,09;125,0;call;01/15/2016;65,78;46,8;50,55;0;3,4048;0,0;1,5669;0,8096;0,0029;-1,3625;0,0754
99;174,09;125,0;put;01/15/2016;0,25;0,0;0,19;0;0,9089;0,0;1,02;-0,0095;0,001;-0,0346;0,0071
100;174,09;130,0;call;01/15/2016;60,49;41,75;45,65;0;1,9888;0,0;1,4437;0,858;0,004;-0,6501;0,0623
101;174,09;130,0;put;01/15/2016;0,05;0,0;0,2;0;0,8107;0,0;0,9215;-0,0104;0,0012;-0,0335;0,0077
102;174,09;135,0;call;01/15/2016;55,8;36,8;40,8;0;1,0387;0,0;1,331;0,9454;0,0038;-0,1543;0,0304
103;174,09;135,0;put;01/15/2016;0,06;0,01;0,21;0;0,6937;0,5632;0,8243;-0,0096;0,0013;-0,0268;0,0072
104;174,09;140,0;call;01/15/2016;43,89;32,75;35,2;0;0,5543;0,0;1,0614;0,9928;0,0012;0,001;0,005
105;174,09;140,0;put;01/15/2016;0,07;0,01;0,13;10;0,5786;0,4888;0,6683;-0,0084;0,0014;-0,0198;0,0063
106;174,09;145,0;call;01/15/2016;31,68;27,75;30,3;0;0,5531;0,0;0,9507;0,9814;0,0028;-0,0206;0,0122
107;174,09;145,0;put;01/15/2016;0,1;0,05;0,17;22;0,5502;0,5003;0,6002;-0,0173;0,0028;-0,0354;0,0119
108;174,09;146,0;call;01/15/2016;0,0;26,5;29,75;0;0,5589;0,0;1,0082;0,9766;0,0034;-0,0292;0,0149
109;174,09;146,0;put;01/15/2016;0,1;0,06;0,17;0;0,5383;0,4956;0,581;-0,0189;0,0031;-0,0373;0,0128
110;174,09;147,0;call;01/15/2016;0,0;25,5;28,7;0;0,5256;0,0;0,9716;0,9787;0,0034;-0,0232;0,0137
111;174,09;147,0;put;01/15/2016;0,11;0,07;0,11;2;0,5062;0,4892;0,5232;-0,017;0,003;-0,0321;0,0117
112;174,09;148,0;call;01/15/2016;0,0;23,95;27,75;0;0,5151;0,0;0,9524;0,9765;0,0037;-0,0259;0,015
113;174,09;148,0;put;01/15/2016;0,12;0,08;0,2;59;0,5198;0,4812;0,5585;-0,0236;0,0038;-0,0435;0,0155
114;174,09;149,0;call;01/15/2016;0,0;23,15;26,8;0;0,4997;0,0;0,9330000000000000;0,9752;0,0041;-0,0267;0,0157
115;174,09;149,0;put;01/15/2016;0,1;0,09;0,24;0;0,5148;0,4721;0,5575;-0,0273;0,0044;-0,0487;0,0175
116;174,09;150,0;call;01/15/2016;23,54;22,95;24,8;1;0,4759;0,0;0,7170000000000000;0,9755;0,0042;-0,0241;0,0155
117;174,09;150,0;put;01/15/2016;0,12;0,09;0,21;4;0,4894;0,4545;0,5242;-0,0267;0,0045;-0,0455;0,0172
118;174,09;152,5;call;01/15/2016;0,0;20,1;23,3;0;0,4286;0,0;0,8351;0,9738;0,005;-0,0224;0,0165
119;174,09;152,5;put;01/15/2016;0,2;0,08;0,23;0;0,4436;0,4034;0,4838;-0,0293;0,0054;-0,0446;0,0186
120;174,09;155,0;call;01/15/2016;26,23;17,8;20,0;0;0,3819;0,0;0,6336;0,9717;0,006;-0,0207;0,0176
121;174,09;155,0;put;01/15/2016;0,28;0,16;0,29;30;0,4305;0,4053;0,4558;-0,0437;0,0077;-0,0601;0,0258
122;174,09;157,5;call;01/15/2016;24,54;15,8;17,3;0;0,3638;0,0;0,5346;0,9579;0,0087;-0,0328;0,0246
123;174,09;157,5;put;01/15/2016;0,31;0,17;0,32;50;0,3881;0,3625;0,4137;-0,0514;0,0098;-0,0618;0,0293
124;174,09;160,0;call;01/15/2016;16,3;13,4;14,9;0;0,3642;0,0;0,4899;0,9276;0,0135;-0,0595;0,038
125;174,09;160,0;put;01/15/2016;0,43;0,37;0,42;98;0,3805;0,3745;0,3865;-0,0802;0,0141;-0,0858;0,0414
126;174,09;162,5;call;01/15/2016;0,0;11,0;13,4;0;0,3324;0,0;0,5629;0,9036;0,0183;-0,0699;0,0472
127;174,09;162,5;put;01/15/2016;0,56;0,52;0,59;49;0,3584;0,3518;0,365;-0,1119;0,0191;-0,1035;0,053
128;174,09;165,0;call;01/15/2016;10,05;9,35;10,1;16;0,3309;0,2734;0,3884;0,8463;0,0256;-0,1031;0,0657
129;174,09;165,0;put;01/15/2016;0,97;0,77;0,83;119;0,3384;0,3339;0,3429;-0,1579;0,0256;-0,1242;0,0671
130;174,09;167,5;call;01/15/2016;0,0;6,75;9,05;0;0,3383;0,1982;0,4783;0,7651;0,0326;-0,1426;0,0853
131;174,09;167,5;put;01/15/2016;1,2;1,15;1,21;197;0,3212;0,3176;0,3248;-0,2233;0,0334;-0,1465;0,0831
132;174,09;170,0;call;01/15/2016;5,5;5,5;6,05;87;0,3145;0,2867;0,3423;0,6842;0,0406;-0,1557;0,0988
133;174,09;170,0;put;01/15/2016;1,78;1,71;1,81;727;0,3074;0,3023;0,3124;-0,3114;0,0413;-0,1669;0,0984
134;174,09;172,5;call;01/15/2016;4,2;4,2;4,35;81;0,3174;0,3106;0,3242;0,5747;0,0443;-0,1763;0,109
135;174,09;172,5;put;01/15/2016;2,63;2,55;2,64;246;0,2956;0,2914;0,2997;-0,4204;0,0475;-0,1789;0,1088
136;174,09;175,0;call;01/15/2016;2,85;2,85;2,9;660;0,303;0,3002;0,3057;0,4594;0,047;-0,1719;0,1104
137;174,09;175,0;put;01/15/2016;3,8;3,65;3,8;609;0,2847;0,2779;0,2915;-0,5435;0,05;-0,1768;0,1103
138;174,09;177,5;call;01/15/2016;1,8;1,81;1,9;665;0,2977;0,2933;0,3021;0,3437;0,0444;-0,1578;0,1024
139;174,09;177,5;put;01/15/2016;5,31;5,1;5,45;37;0,2841;0,2668;0,3014;-0,6632;0,0461;-0,1649;0,1015
140;174,09;180,0;call;01/15/2016;1,08;1,11;1,17;933;0,2953;0,2914;0,2993;0,2414;0,0379;-0,1335;0,0868
141;174,09;180,0;put;01/15/2016;7,06;6,85;7,4;94;0,2854;0,2531;0,3178;-0,7658;0,0385;-0,1423;0,0852
142;174,09;182,5;call;01/15/2016;0,68;0,65;0,72;94;0,2963;0,2911;0,3014;0,161;0,0296;-0,1054;0,068
143;174,09;182,5;put;01/15/2016;8,15;8,9;10,25;0;0,3313;0,2396;0,423;-0,8099;0,0293;-0,1465;0,0753
144;174,09;185,0;call;01/15/2016;0,41;0,4;0,45;182;0,3046;0,2998;0,3093;0,1072;0,0218;-0,0821;0,0514
145;174,09;185,0;put;01/15/2016;11,42;11,1;11,9;92;0,282;0,1899;0,374;-0,9098;0,0206;-0,0823;0,045
146;174,09;187,5;call;01/15/2016;0,23;0,07;0,33;55;0,2858;0,2422;0,3294;0,0526;0,0135;-0,045;0,0299
147;174,09;187,5;put;01/15/2016;0,0;12,95;14,4;0;0,3044;0,0;0,4263;-0,9346;0,0149;-0,07200000000000000;0,0351
148;174,09;190,0;call;01/15/2016;0,15;0,15;0,16;145;0,3185;0,3166;0,3204;0,0437;0,0104;-0,0433;0,0258
149;174,09;190,0;put;01/15/2016;16,7;15,85;16,85;71;0,3283;0,0;0,4676;-0,9503;0,0111;-0,0646;0,0282
150;174,09;192,5;call;01/15/2016;0,09;0,09;0,2;23;0,3485;0,3238;0,3732;0,0366;0,0083;-0,0411;0,0223
151;174,09;192,5;put;01/15/2016;17,0;17,4;20,25;0;0,3941;0,0;0,6547;-0,9418;0,0105;-0,0824;0,032
152;174,09;195,0;call;01/15/2016;0,1;0,04;0,13;72;0,3496;0,3185;0,3807;0,0219;0,0054;-0,0269;0,0145
153;174,09;195,0;put;01/15/2016;21,6;20,4;22,4;10;0,4536;0,0;0,6545;-0,9373;0,0097;-0,0973;0,0339
154;174,09;197,5;call;01/15/2016;0,1;0,0;0,17;0;0,3727;0,0;0,4343;0,0178;0,0042;-0,0241;0,0122
155;174,09;197,5;put;01/15/2016;0,0;22,35;25,35;0;0,4848;0,0;0,7707;-0,9444;0,0082;-0,0951;0,0309
156;174,09;200,0;call;01/15/2016;0,04;0,02;0,05;90;0,3684;0,3476;0,3893;0,0096;0,0025;-0,014000000000000000;0,0072
157;174,09;200,0;put;01/15/2016;26,8;25,55;27,15;27;0,5193;0,0;0,7057;-0,9486;0,0072;-0,0955;0,0289
158;174,09;202,5;call;01/15/2016;0,07;0,0;0,17;0;0,4206;0,0;0,5027;0,013000000000000000;0,0029;-0,0208;0,0093
159;174,09;202,5;put;01/15/2016;0,0;27,35;30,3;0;0,5531;0,0;0,8589;-0,9522;0,0064;-0,0959;0,0273
160;174,09;205,0;call;01/15/2016;0,08;0,02;0,06;0;0,4298;0,4011;0,4584;0,0092;0,0021;-0,0158;0,0069
161;174,09;205,0;put;01/15/2016;31,36;30,5;32,25;227;0,5841;0,0;0,8108;-0,9558;0,0057;-0,0953;0,0256
162;174,09;207,5;call;01/15/2016;0,1;0,0;0,17;0;0,48100000000000000;0,0;0,5679;0,0121;0,0023;-0,0223;0,0087
163;174,09;207,5;put;01/15/2016;0,0;31,8;34,45;0;0,6084;0,0;0,7915;-0,9604;0,005;-0,0914;0,0234
164;174,09;210,0;call;01/15/2016;0,05;0,0;0,05;1;0,503;0,0;0,5036;0,0107;0,002;-0,021;0,0078
165;174,09;210,0;put;01/15/2016;28,47;34,4;38,15;0;0,6394;0,0;1,0484;-0,9626;0,0045;-0,0916;0,0223
166;174,09;212,5;call;01/15/2016;0,0;0,0;0,17;0;0,5445;0,0;0,6302;0,012;0,0021;-0,0252;0,0087
167;174,09;212,5;put;01/15/2016;0,0;36,8;40,8;0;0,6691;0,0;1,1152;-0,9646;0,0041;-0,0915;0,0213
168;174,09;215,0;call;01/15/2016;0,1;0,0;0,13;5;0,5747;0,0;0,6343;0,0119;0,0019;-0,0264;0,0086
169;174,09;215,0;put;01/15/2016;33,63;39,4;43,25;0;0,6968;0,0;1,1501;-0,9667;0,0037;-0,0906;0,0202
170;174,09;217,5;call;01/15/2016;0,05;0,0;0,16;0;0,6012;0,0;0,6837;0,0114;0,0018;-0,0266;0,0083
171;174,09;217,5;put;01/15/2016;0,0;41,8;45,75;0;0,7408;0,0;1,1918;-0,9654;0,0036;-0,0982;0,0209
172;174,09;220,0;call;01/15/2016;0,02;0,01;0,04;1;0,5538;0,5141;0,5934;0,0045;0,0009;-0,0109;0,0037
173;174,09;220,0;put;01/15/2016;44,38;44,5;48,25;0;0,7683;0,0;1,2326;-0,9671;0,0034;-0,0977;0,02
174;174,09;222,5;call;01/15/2016;0,0;0,0;0,16;0;0,6123;0,0;0,741;0,0068;0,0011;-0,0173;0,0053
175;174,09;222,5;put;01/15/2016;0,0;46,8;50,75;0;0,8036;0,0;1,2725;-0,9671;0,0032;-0,1013;0,02
176;174,09;225,0;call;01/15/2016;0,05;0,01;0,02;0;0,5770000000000000;0,5578;0,5962;0,003;0,0006;-0,0079;0,0026
177;174,09;225,0;put;01/15/2016;42,14;49,5;53,25;0;0,8295;0,0;1,3116;-0,9687;0,003;-0,1005;0,0192
178;174,09;227,5;call;01/15/2016;0,0;0,0;0,15;0;0,6953;0,0;0,7889;0,0092;0,0013;-0,0255;0,0069
179;174,09;227,5;put;01/15/2016;0,0;51,8;55,7;0;0,8432;0,0;1,3412;-0,972;0,0027;-0,0942;0,0175
180;174,09;230,0;call;01/15/2016;0,12;0,0;0,15;0;0,7219;0,0;0,8157;0,0091;0,0012;-0,0262;0,0068
181;174,09;230,0;put;01/15/2016;39,0;54,35;58,25;0;0,8732;0,0;1,3874;-0,9724;0,0025;-0,0958;0,0172
182;174,09;235,0;call;01/15/2016;0,05;0,01;0,15;0;0,7547;0,6415;0,868;0,0075;0,001;-0,0232;0,0058
183;174,09;235,0;put;01/15/2016;31,94;59,3;63,3;0;0,9308;0,0;1,4692;-0,9734;0,0023;-0,0985;0,0167
184;174,09;240,0;call;01/15/2016;0,08;0,01;0,05;0;0,7413;0,6816;0,8010000000000000;0,0039;0,0006;-0,0129;0,0033
185;174,09;240,0;put;01/15/2016;59,05;64,5;68,15;0;0,9855;0,0;1,5121;-0,9744;0,0021;-0,1005;0,0161
186;174,09;245,0;call;01/15/2016;0,01;0,01;0,15;0;0,8448;0,7216;0,9681;0,0068;0,0008;-0,0238;0,0053
187;174,09;245,0;put;01/15/2016;0,0;69,25;73,25;0;1,0293;0,0;1,5985;-0,9764;0,0019;-0,0984;0,0151
188;174,09;250,0;call;01/15/2016;0,1;0,0;0,08;0;0,8815;0,0;0,9376;0,0062;0,0007;-0,0228;0,0048
189;174,09;250,0;put;01/15/2016;63,32;74,3;78,3;0;1,0779;0,0;1,6738;-0,9774;0,0017;-0,099;0,0145
190;174,09;255,0;call;01/15/2016;0,09;0,0;0,15;0;0,9478;0,0;1,0621;0,0072;0,0008;-0,028000000000000000;0,0055
191;174,09;255,0;put;01/15/2016;0,0;79,35;83,25;0;1,1182;0,0;1,7278;-0,9790000000000000;0,0016;-0,0968;0,0136
192;174,09;260,0;call;01/15/2016;0,05;0,0;0,1;0;0,9947;0,0;1,0518;0,0072;0,0007;-0,0295;0,0056
193;174,09;260,0;put;01/15/2016;56,5;84,2;88,3;0;1,1695;0,0;1,7995;-0,9793;0,0015;-0,0995;0,0134
194;174,09;265,0;call;01/15/2016;0,02;0,0;0,15;0;1,0514;0,0;1,1514;0,0078;0,0007;-0,0333;0,0059
195;174,09;265,0;put;01/15/2016;55,19;89,35;93,2;0;1,1871;0,0;1,8392;-0,9823;0,0013;-0,0896;0,0117
196;174,09;270,0;call;01/15/2016;0,18;0,0;0,15;0;1,0903;0,0;1,1944;0,0074;0,0007;-0,0333;0,0057
197;174,09;270,0;put;01/15/2016;0,0;94,1;98,3;0;1,2241;0,0;1,9179;-0,9833;0,0012;-0,0879;0,011000000000000000
198;174,09;275,0;call;01/15/2016;0,44;0,0;0,15;0;1,1439;0,0;1,2363;0,0079;0,0007;-0,0369;0,006
199;174,09;275,0;put;01/15/2016;0,0;99,25;103,3;0;1,2782;0,0;1,9746;-0,9829;0,0011;-0,0927;0,0113
200;174,09;280,0;call;01/15/2016;0,15;0,0;0,15;0;1,176;0,0;1,2777;0,0074;0,0006;-0,0357;0,0057
201;174,09;280,0;put;01/15/2016;0,0;104,25;108,3;0;1,3296;0,0;2,0298;-0,9827;0,0011;-0,0968;0,0114
202;174,09;285,0;call;01/15/2016;0,0;0,0;0,15;0;1,2137;0,0;1,3172;0,0072;0,0006;-0,036000000000000000;0,0056
203;174,09;285,0;put;01/15/2016;0,0;109,25;113,3;0;1,3980000000000000;0,0;2,0836;-0,9812;0,0011;-0,1077;0,0123
204;174,09;290,0;call;01/15/2016;0,0;0,0;0,15;0;1,2504;0,0;1,3565;0,007000000000000000;0,0006;-0,0363;0,0054
205;174,09;290,0;put;01/15/2016;0,0;114,3;118,3;0;1,431;0,0;2,1361;-0,9821;0,0011;-0,1055;0,0117
206;174,09;295,0;call;01/15/2016;0,0;0,0;0,15;0;1,2863;0,0;1,3944;0,0068;0,0005;-0,0365;0,0053
207;174,09;295,0;put;01/15/2016;89,6;119,25;123,3;0;1,4415;0,0;2,1872;-0,9844;0,0009;-0,0958;0,0104
208;174,09;300,0;call;01/15/2016;0,35;0,0;0,15;0;1,3214;0,0;1,4319;0,0067;0,0005;-0,0367;0,0052
209;174,09;300,0;put;01/15/2016;88,25;124,25;128,1;0;1,3929;0,0;2,1916;-0,9894;0,0007;-0,0697;0,0073
210;174,09;135,0;call;01/22/2016;0,0;36,95;41,0;0;0,4987;0,0;1,0387;0,992;0,0011;-0,0014;0,0072
211;174,09;135,0;put;01/22/2016;0,0;0,0;0,39;0;0,6154;0,0;0,6957;-0,0221;0,0023;-0,0368;0,0194
212;174,09;140,0;call;01/22/2016;0,0;32,0;36,0;0;0,4924;0,0;0,9278;0,9827;0,0022;-0,0131;0,015
213;174,09;140,0;put;01/22/2016;0,0;0,02;0,42;0;0,5088;0,3967;0,6209;-0,0192;0,0025;-0,027000000000000000;0,0172
214;174,09;145,0;call;01/22/2016;0,0;27,45;31,05;0;0,4737;0,0;0,8253;0,9681;0,004;-0,028000000000000000;0,0258
215;174,09;145,0;put;01/22/2016;0,94;0,09;0,46;0;0,4793;0,4104;0,5482;-0,0325;0,0041;-0,0396;0,0268
216;174,09;150,0;call;01/22/2016;31,25;22,95;25,55;0;0,4473;0,0;0,6533;0,9456;0,0066;-0,0457;0,0401
217;174,09;150,0;put;01/22/2016;1,16;0,13;0,49;0;0,418;0,3642;0,4718;-0,0428;0,0059;-0,0433;0,0335
218;174,09;155,0;call;01/22/2016;0,0;17,85;21,3;0;0,4118;0,0;0,6329;0,9133;0,0103;-0,0639;0,0577
219;174,09;155,0;put;01/22/2016;0,6;0,4;0,63;0;0,3917;0,3698;0,4136;-0,076;0,0099;-0,0639;0,0526
220;174,09;157,5;call;01/22/2016;21,5;15,6;18,4;0;0,3781;0,0;0,5358;0,899;0,0126;-0,0661;0,0646
221;174,09;157,5;put;01/22/2016;1,24;0,56;0,71;0;0,3703;0,3584;0,3823;-0,0957;0,0125;-0,0719;0,0626
222;174,09;160,0;call;01/22/2016;16,6;13,75;16,15;0;0,3637;0,0;0,5057;0,8686;0,0158;-0,0785;0,0781
223;174,09;160,0;put;01/22/2016;0,74;0,75;0,97;0;0,3573;0,3429;0,3717;-0,1266;0,0158;-0,0849;0,0764
224;174,09;162,5;call;01/22/2016;18,2;11,3;13,8;0;0,3377;0,0;0,4631;0,8375;0,0197;-0,0851;0,0902
225;174,09;162,5;put;01/22/2016;0,46;0,99;1,25;0;0,3402;0,3258;0,3545;-0,1632;0,0197;-0,0961;0,0907
226;174,09;165,0;call;01/22/2016;18,55;9,6;11,0;0;0,3093;0,2404;0,3783;0,7983;0,0246;-0,0901;0,1033
227;174,09;165,0;put;01/22/2016;1,51;1,36;1,59;33;0,3241;0,3133;0,3349;-0,2107;0,0242;-0,1075;0,1063
228;174,09;167,5;call;01/22/2016;11,4;7,7;8,85;0;0,2989;0,2514;0,3465;0,7341;0,0297;-0,1032;0,1206
229;174,09;167,5;put;01/22/2016;2,02;1,78;2,23;11;0,313;0,2946;0,3313;-0,2733;0,0288;-0,12;0,1224
230;174,09;170,0;call;01/22/2016;6,4;5,95;7,1;4;0,2942;0,2518;0,3367;0,6543;0,034;-0,1158;0,1356
231;174,09;170,0;put;01/22/2016;2,84;2,54;2,91;80;0,3043;0,2907;0,3179;-0,3489;0,033;-0,1302;0,1362
232;174,09;172,5;call;01/22/2016;10,05;4,95;5,4;0;0,3026;0,287;0,3181;0,5635;0,0353;-0,1287;0,1449
233;174,09;172,5;put;01/22/2016;4,05;3,45;3,75;30;0,2927;0,2823;0,303;-0,4343;0,0365;-0,134;0,1448
234;174,09;175,0;call;01/22/2016;3,87;3,85;4,05;94;0,3032;0,2964;0,3101;0,4743;0,0356;-0,1314;0,1465
235;174,09;175,0;put;01/22/2016;4,9;4,5;5,0;30;0,2849;0,2678;0,302;-0,528;0,0379;-0,1328;0,1464
236;174,09;177,5;call;01/22/2016;2,8;2,72;2,96;138;0,2965;0,2879;0,305;0,3846;0,035;-0,1239;0,1406
237;174,09;177,5;put;01/22/2016;6,5;6,05;6,5;21;0,287;0,2709;0,303;-0,6189;0,036000000000000000;-0,1291;0,1401
238;174,09;180,0;call;01/22/2016;1,77;1,76;2,1;18;0,2881;0,2748;0,3014;0,297;0,0326;-0,1095;0,1274
239;174,09;180,0;put;01/22/2016;7,98;7,5;8,2;22;0,2758;0,2479;0,3038;-0,7111;0,0336;-0,1129;0,1256
240;174,09;182,5;call;01/22/2016;1,28;1,18;1,45;11;0,2866;0,2742;0,2989;0,2225;0,0282;-0,0941;0,1097
241;174,09;182,5;put;01/22/2016;8,8;8,85;10,05;0;0,2368;0,172;0,3017;-0,8243;0,0295;-0,0767;0,0948
242;174,09;185,0;call;01/22/2016;0,85;0,79;0,99;83;0,28800000000000000;0,27700000000000000;0,299;0,1629;0,0232;-0,0783;0,0906
243;174,09;185,0;put;01/22/2016;7,19;11,3;12,5;0;0,2703;0,1975;0,3432;-0,8524;0,0231;-0,0783;0,0846
244;174,09;187,5;call;01/22/2016;0,93;0,43;0,71;0;0,2861;0,2661;0,3062;0,1129;0,0182;-0,0607;0,0705
245;174,09;187,5;put;01/22/2016;10,31;13,5;15,95;0;0,3157;0,0;0,4744;-0,8617;0,0189;-0,0866;0,0809
246;174,09;190,0;call;01/22/2016;0,35;0,33;0,45;1;0,2926;0,2817;0,3034;0,0812;0,0139;-0,0488;0,0553
247;174,09;190,0;put;01/22/2016;15,91;15,3;18,3;0;0,3525;0,0;0,5058;-0,8737;0,0159;-0,0905;0,076
248;174,09;192,5;call;01/22/2016;0,42;0,0;0,38;0;0,2881;0,0;0,3231;0,0511;0,0099;-0,0336;0,0386
249;174,09;192,5;put;01/22/2016;15,2;17,55;20,6;0;0,3609;0,0;0,5292;-0,9007;0,013000000000000000;-0,0793;0,0638
250;174,09;195,0;call;01/22/2016;0,36;0,0;0,3;0;0,2969;0,0;0,3366;0,0368;0,0074;-0,0266;0,0296
251;174,09;195,0;put;01/22/2016;20,66;19,95;22,95;0;0,3765;0,0;0,5541;-0,9178;0,0109;-0,0728;0,0554
252;174,09;197,5;call;01/22/2016;0,47;0,07;0,25;0;0,3187;0,2847;0,3527;0,032;0,0061;-0,0255;0,0265
253;174,09;197,5;put;01/22/2016;0,0;23,0;25,75;0;0,4003;0,0;0,6237;-0,9268;0,0093;-0,0711;0,0507
254;174,09;200,0;call;01/22/2016;0,2;0,01;0,24;0;0,3107;0,244;0,3773;0,0182;0,0039;-0,0155;0,0164
255;174,09;200,0;put;01/22/2016;16,92;24,85;27,8;0;0,4177;0,0;0,6127;-0,9369;0,008;-0,0668;0,0451
256;174,09;202,5;call;01/22/2016;0,7;0,0;0,38;0;0,3688;0,0;0,4414;0,028000000000000000;0,0047;-0,0265;0,0237
257;174,09;202,5;put;01/22/2016;0,0;26,9;30,8;0;0,4188;0,0;0,7039;-0,9519;0,0064;-0,0557;0,0363
258;174,09;205,0;call;01/22/2016;1,17;0,0;0,37;0;0,4051;0,0;0,4665;0,0304;0,0046;-0,0311;0,0253
259;174,09;205,0;put;01/22/2016;0,0;29,4;33,1;0;0,4149;0,0;0,7176;-0,9654;0,0049;-0,0444;0,0276
260;174,09;207,5;call;01/22/2016;0,0;0,0;0,36;0;0,4354;0,0;0,4907;0,0307;0,0043;-0,0338;0,0256
261;174,09;207,5;put;01/22/2016;0,0;31,9;35,8;0;0,4537;0,0;0,7748;-0,9625;0,0048;-0,0504;0,0295
262;174,09;210,0;call;01/22/2016;0,13;0,0;0,25;0;0,447;0,0;0,4836;0,0258;0,0036;-0,03;0,0221
263;174,09;210,0;put;01/22/2016;0,0;34,3;38,3;0;0,4774;0,0;0,8088;-0,9644;0,0044;-0,0506;0,0282
264;174,09;212,5;call;01/22/2016;0,0;0,0;0,34;0;0,4696;0,0;0,5366;0,0246;0,0033;-0,0303;0,0212
265;174,09;212,5;put;01/22/2016;0,0;36,8;40,8;0;0,5065;0,0;0,8419;-0,9644;0,0041;-0,0531;0,0282
266;174,09;215,0;call;01/22/2016;0,0;0,0;0,34;0;0,4952;0,0;0,5614;0,0243;0,0031;-0,0317;0,021
267;174,09;215,0;put;01/22/2016;0,0;39,35;43,25;0;0,5226;0,0;0,8683;-0,9678;0,0037;-0,0509;0,0259
268;174,09;217,5;call;01/22/2016;0,0;0,0;0,33;0;0,5242;0,0;0,5827;0,025;0,003;-0,0342;0,0215
269;174,09;217,5;put;01/22/2016;0,0;41,8;45,8;0;0,5482;0,0;0,9058;-0,9684;0,0034;-0,0523;0,0256
270;174,09;220,0;call;01/22/2016;0,0;0,0;0,33;0;0,5421;0,0;0,6064;0,0232;0,0027;-0,0333;0,0202
271;174,09;220,0;put;01/22/2016;0,0;44,35;48,25;0;0,5710000000000000;0,0;0,9306;-0,9694;0,0032;-0,0528;0,0248
272;174,09;222,5;call;01/22/2016;0,0;0,0;0,33;0;0,5632;0,0;0,6297;0,0223;0,0026;-0,0335;0,0196
273;174,09;222,5;put;01/22/2016;0,0;46,8;50,8;0;0,596;0,0;0,9670000000000000;-0,9698;0,003;-0,0543;0,0246
274;174,09;225,0;call;01/22/2016;0,0;0,0;0,33;0;0,5859;0,0;0,6526;0,0219;0,0024;-0,0344;0,0193
275;174,09;225,0;put;01/22/2016;0,0;49,35;53,3;0;0,6218;0,0;0,9966;-0,9698;0,0029;-0,0561;0,0245
276;174,09;227,5;call;01/22/2016;0,0;0,0;0,35;0;0,609;0,0;0,682;0,0217;0,0023;-0,0354;0,0191
277;174,09;227,5;put;01/22/2016;0,0;51,85;55,8;0;0,6435;0,0;1,0256;-0,9707;0,0027;-0,0566;0,0239
278;174,09;230,0;call;01/22/2016;0,0;0,0;0,35;0;0,6295;0,0;0,7042;0,0211;0,0022;-0,0357;0,0186
279;174,09;230,0;put;01/22/2016;0,0;54,3;58,3;0;0,6687;0,0;1,054;-0,9707;0,0026;-0,0584;0,0239
280;174,09;235,0;call;01/22/2016;0,0;0,0;0,33;0;0,6684;0,0;0,7403;0,0198;0,0019;-0,036000000000000000;0,0177
281;174,09;235,0;put;01/22/2016;0,0;59,35;63,3;0;0,7003;0,0;1,1093;-0,9740000000000000;0,0023;-0,0558;0,0216
282;174,09;240,0;call;01/22/2016;0,0;0,0;0,33;0;0,7038;0,0;0,782;0,0184;0,0017;-0,0356;0,0166
283;174,09;240,0;put;01/22/2016;0,0;64,2;68,3;0;0,7157;0,0;1,1626;-0,9790000000000000;0,0018;-0,0488;0,0179
284;174,09;135,0;call;01/29/2016;0,0;37,15;41,05;0;0,4973;0,0;0,8747;0,9804;0,0021;-0,0155;0,0202
285;174,09;135,0;put;01/29/2016;0,0;0,12;0,32;0;0,5194;0,4777;0,561;-0,023;0,0024;-0,0268;0,0239
286;174,09;140,0;call;01/29/2016;0,0;32,45;36,2;0;0,4752;0,0;0,7977;0,9682;0,0033;-0,0253;0,0307
287;174,09;140,0;put;01/29/2016;0,73;0,18;0,41;0;0,4812;0,4452;0,5171;-0,0325;0,0034;-0,0332;0,032
288;174,09;145,0;call;01/29/2016;0,0;27,2;31,1;0;0,4391;0,0;0,6938;0,9542;0,0049;-0,0333;0,0417
289;174,09;145,0;put;01/29/2016;0,21;0,27;0,48;0;0,4377;0,4122;0,4631;-0,0445;0,0049;-0,0391;0,0414
290;174,09;148,0;call;01/29/2016;0,0;24,75;28,25;0;0,4252;0,0;0,654;0,9394;0,0063;-0,0418;0,0523
291;174,09;148,0;put;01/29/2016;0,0;0,34;0,6;0;0,4171;0,391;0,4431;-0,0565;0,0062;-0,045;0,05
292;174,09;149,0;call;01/29/2016;0,0;23,85;27,2;0;0,4118;0,0;0,6305;0,9373;0,0067;-0,0416;0,0537
293;174,09;149,0;put;01/29/2016;0,0;0,38;0,64;0;0,41100000000000000;0,3866;0,4354;-0,0615;0,0067;-0,0475;0,0535
294;174,09;150,0;call;01/29/2016;0,0;22,85;26,35;0;0,4246;0,0;0,6265;0,9233;0,0076;-0,0514;0,0628
295;174,09;150,0;put;01/29/2016;0,27;0,42;0,63;0;0,4002;0,3814;0,4191;-0,0649;0,0072;-0,0482;0,0558
296;174,09;152,5;call;01/29/2016;0,0;20,55;23,85;0;0,4191;0,0;0,5798;0,9015;0,0093;-0,0626;0,0759
297;174,09;152,5;put;01/29/2016;0,57;0,55;0,69;0;0,3808;0,37;0,3917;-0,0785;0,0087;-0,0531;0,0645
298;174,09;155,0;call;01/29/2016;0,0;18,8;21,4;0;0,3788;0,0;0,5373;0,894;0,0109;-0,0595;0,0801
299;174,09;155,0;put;01/29/2016;0,81;0,67;0,74;4;0,3567;0,3519;0,3614;-0,0927;0,0106;-0,0564;0,073
300;174,09;157,5;call;01/29/2016;22,2;16,5;18,05;0;0,3025;0,1894;0,4155;0,9086;0,0122;-0,0409;0,0718
301;174,09;157,5;put;01/29/2016;0,94;0,87;1,05;10;0,3497;0,3396;0,3599;-0,1214;0,0131;-0,0673;0,0888
302;174,09;160,0;call;01/29/2016;24,25;14,15;16,3;0;0,3207;0,2072;0,4343;0,8572;0,0159;-0,0626;0,0989
303;174,09;160,0;put;01/29/2016;1,32;1,11;1,33;10;0,3361;0,3255;0,3468;-0,1524;0,0159;-0,0756;0,1037
304;174,09;162,5;call;01/29/2016;0,0;12,95;13,5;0;0,341;0,3188;0,3632;0,7968;0,0188;-0,0857;0,1241
305;174,09;162,5;put;01/29/2016;0,63;1,46;1,62;0;0,3217;0,315;0,3284;-0,19;0,0192;-0,0835;0,1194
306;174,09;165,0;call;01/29/2016;11,7;10,9;11,35;0;0,3246;0,3085;0,3407;0,7525;0,0221;-0,0919;0,1388
307;174,09;165,0;put;01/29/2016;1,51;1,85;2,12;0;0,3101;0,3002;0,32;-0,2379;0,0227;-0,0919;0,1361
308;174,09;167,5;call;01/29/2016;0,0;9,0;9,4;0;0,3122;0,2991;0,3252;0,6971;0,0254;-0,0983;0,1534
309;174,09;167,5;put;01/29/2016;2,11;2,43;2,74;0;0,3011;0,2909;0,3113;-0,2964;0,0261;-0,1;0,1521
310;174,09;170,0;call;01/29/2016;7,55;7,3;7,65;4;0,3038;0,2933;0,3144;0,6314;0,0282;-0,10400000000000000;0,1658
311;174,09;170,0;put;01/29/2016;3,1;3,25;3,4;17;0,2915;0,2869;0,29600000000000000;-0,3636;0,0292;-0,1054;0,1651
312;174,09;172,5;call;01/29/2016;6,05;5,75;6,05;6;0,2945;0,2859;0,3032;0,5589;0,0304;-0,106;0,1735
313;174,09;172,5;put;01/29/2016;4,0;4,15;4,35;13;0,2827;0,27700000000000000;0,2885;-0,439;0,0317;-0,1078;0,1734
314;174,09;175,0;call;01/29/2016;4,2;4,5;4,65;26;0,289;0,2847;0,2933;0,4812;0,0313;-0,1056;0,1753
315;174,09;175,0;put;01/29/2016;5,47;5,3;5,5;8;0,2759;0,2702;0,2816;-0,5202;0,0328;-0,1068;0,1752
316;174,09;177,5;call;01/29/2016;3,4;3,3;3,55;47;0,2829;0,2758;0,2901;0,4021;0,031;-0,1007;0,1702
317;174,09;177,5;put;01/29/2016;6,8;6,65;6,9;1;0,2703;0,2629;0,2776;-0,6028;0,0324;-0,1019;0,1695
318;174,09;180,0;call;01/29/2016;2,61;2,36;2,6;234;0,2761;0,2686;0,2837;0,3242;0,0296;-0,0916;0,1582
319;174,09;180,0;put;01/29/2016;8,85;8,05;8,5;7;0,2594;0,245;0,2739;-0,6869;0,031;-0,0908;0,1557
320;174,09;182,5;call;01/29/2016;1,85;1,67;1,89;10;0,2744;0,2667;0,282;0,2553;0,0266;-0,0815;0,1414
321;174,09;182,5;put;01/29/2016;10,79;9,95;10,3;1;0,2585;0,2457;0,2713;-0,758;0,0274;-0,0807;0,1372
322;174,09;185,0;call;01/29/2016;1,44;1,16;1,35;1;0,2725;0,2647;0,2803;0,1948;0,023;-0,0696;0,1212
323;174,09;185,0;put;01/29/2016;5,85;11,7;13,4;0;0,2858;0,217;0,3545;-0,7923;0,0227;-0,0819;0,1257
324;174,09;187,5;call;01/29/2016;0,83;0,79;0,96;21;0,2728;0,2644;0,2812;0,1459;0,0191;-0,058000000000000000;0,1007
325;174,09;187,5;put;01/29/2016;7,92;13,8;15,55;0;0,2813;0,1945;0,368;-0,8453;0,0191;-0,0681;0,1043
326;174,09;190,0;call;01/29/2016;0,59;0,54;0,68;15;0,275;0,2667;0,2834;0,1084;0,0154;-0,0476;0,0819
327;174,09;190,0;put;01/29/2016;9,45;16,0;18,25;0;0,3001;0,0;0,4202;-0,8691;0,016;-0,0653;0,0931
328;174,09;192,5;call;01/29/2016;0,74;0,36;0,5;0;0,2777;0,2669;0,2884;0,0794;0,0121;-0,0382;0,0651
329;174,09;192,5;put;01/29/2016;0,0;17,1;20,85;0;0,2947;0,0;0,4637;-0,9063;0,0128;-0,0518;0,0731
330;174,09;195,0;call;01/29/2016;0,35;0,22;0,36;20;0,2786;0,2647;0,2926;0,0563;0,0092;-0,0294;0,0498
331;174,09;195,0;put;01/29/2016;0,0;19,5;23,25;0;0,3006;0,0;0,4899;-0,9278;0,0103;-0,0444;0,06
332;174,09;197,5;call;01/29/2016;0,25;0,16;0,3;276;0,2891;0,2725;0,3057;0,0445;0,0074;-0,0253;0,0413
333;174,09;197,5;put;01/29/2016;14,49;22,5;25,45;0;0,3271;0,0;0,4967;-0,9317;0,0091;-0,0461;0,0575
334;174,09;200,0;call;01/29/2016;0,25;0,11;0,24;3;0,2958;0,2759;0,3157;0,0337;0,0057;-0,0207;0,0329
335;174,09;200,0;put;01/29/2016;0,0;25,55;28,2;0;0,3591;0,0;0,5503;-0,9314;0,0083;-0,0501;0,0577
336;174,09;202,5;call;01/29/2016;0,94;0,07;0,2;0;0,3024;0,2774;0,3275;0,0256;0,0045;-0,0168;0,0262
337;174,09;202,5;put;01/29/2016;0,0;26,85;30,65;0;0,3708;0,0;0,5765;-0,9415;0,0071;-0,0462;0,0508
338;174,09;205,0;call;01/29/2016;0,17;0,04;0,18;0;0,3085;0,2751;0,3418;0,0193;0,0035;-0,0136;0,0207
339;174,09;205,0;put;01/29/2016;0,0;29,4;33,2;0;0,3695;0,0;0,6109;-0,9557;0,0057;-0,038;0,0406
340;174,09;207,5;call;01/29/2016;0,43;0,03;0,16;0;0,3191;0,2827;0,3555;0,0159;0,0028;-0,0119;0,0175
341;174,09;207,5;put;01/29/2016;0,0;31,9;35,75;0;0,3685;0,0;0,6446;-0,9668;0,0045;-0,0312;0,0319
342;174,09;210,0;call;01/29/2016;0,09;0,02;0,14;20;0,327;0,2865;0,3675;0,0126;0,0023;-0,01;0,0144
343;174,09;210,0;put;01/29/2016;0,0;34,4;38,2;0;0,4072;0,0;0,6681;-0,9615;0,0046;-0,0375;0,0361
344;174,09;212,5;call;01/29/2016;0,0;0,01;0,14;0;0,3341;0,2817;0,3866;0,01;0,0018;-0,0083;0,0117
345;174,09;212,5;put;01/29/2016;0,0;36,85;40,75;0;0,4153;0,0;0,7006;-0,9673;0,0039;-0,034;0,0315
346;174,09;215,0;call;01/29/2016;0,0;0,0;0,14;0;0,36;0,0;0,4054;0,0112;0,0019;-0,0099;0,013000000000000000
347;174,09;215,0;put;01/29/2016;0,0;39,3;43,1;0;0,4197;0,0;0,7124;-0,9732;0,0033;-0,0299;0,0265
348;174,09;217,5;call;01/29/2016;0,0;0,0;0,13;0;0,3791;0,0;0,4192;0,0112;0,0018;-0,0104;0,0129
349;174,09;217,5;put;01/29/2016;0,0;41,8;45,6;0;0,43;0,0;0,7386;-0,9765;0,0028;-0,0279;0,0237
350;174,09;220,0;call;01/29/2016;0,13;0,0;0,11;0;0,3931;0,0;0,4268;0,0103;0,0016;-0,0101;0,0121
351;174,09;220,0;put;01/29/2016;0,0;44,35;48,1;0;0,4545;0,0;0,7641;-0,9757;0,0028;-0,0298;0,0244
352;174,09;225,0;call;01/29/2016;0,11;0,0;0,09;0;0,4129;0,0;0,4489;0,0079;0,0012;-0,0084;0,0095
353;174,09;225,0;put;01/29/2016;0,0;49,3;53,3;0;0,5114;0,0;0,8351;-0,9721;0,0028;-0,0361;0,0275
354;174,09;230,0;call;01/29/2016;0,0;0,0;0,08;0;0,4364;0,0;0,4742;0,0066;0,001;-0,0076;0,0082
355;174,09;230,0;put;01/29/2016;0,0;54,3;58,3;0;0,5564;0,0;0,8832;-0,9715;0,0026;-0,0394;0,028000000000000000
356;174,09;145,0;call;02/05/2016;0,0;28,15;30,8;0;0,4109;0,0;0,5771;0,9442;0,0054;-0,0342;0,0559
357;174,09;145,0;put;02/05/2016;0,0;0,4;0,54;0;0,40400000000000000;0,391;0,4171;-0,0523;0,0053;-0,0359;0,0537
358;174,09;148,0;call;02/05/2016;0,0;25,1;28,45;0;0,4175;0,0;0,5889;0,9192;0,0071;-0,0479;0,0747
359;174,09;148,0;put;02/05/2016;0,0;0,51;0,72;0;0,3905;0,3745;0,4065;-0,0677;0,0067;-0,0425;0,0657
360;174,09;149,0;call;02/05/2016;0,0;24,05;27,5;0;0,4049;0,0;0,5766;0,9165;0,0075;-0,0476;0,0766
361;174,09;149,0;put;02/05/2016;0,0;0,56;0,76;0;0,3845;0,3701;0,3989;-0,073;0,0072;-0,0444;0,0696
362;174,09;150,0;call;02/05/2016;0,0;23,1;26,4;0;0,3987;0,0;0,5517;0,9105;0,008;-0,0495;0,0807
363;174,09;150,0;put;02/05/2016;0,0;0,61;0,76;0;0,3753;0,365;0,3857;-0,0771;0,0077;-0,0452;0,0726
364;174,09;152,5;call;02/05/2016;0,0;20,7;24,1;0;0,354;0,0;0,5265;0,9096;0,0091;-0,0439;0,0813
365;174,09;152,5;put;02/05/2016;0,0;0,74;0,88;0;0,3586;0,3502;0,36700000000000000;-0,0924;0,0092;-0,0495;0,0831
366;174,09;155,0;call;02/05/2016;0,0;18,6;20,5;0;0,3167;0,0;0,3961;0,9044;0,0106;-0,0408;0,0848
367;174,09;155,0;put;02/05/2016;0,0;0,95;1,07;0;0,3469;0,3407;0,3531;-0,1141;0,0111;-0,0558;0,0968
368;174,09;157,5;call;02/05/2016;0,0;16,65;18,35;0;0,295;0,2033;0,3867;0,8867;0,0129;-0,0432;0,096
369;174,09;157,5;put;02/05/2016;0,56;1,15;1,39;0;0,3361;0,3253;0,3468;-0,141;0,0133;-0,0627;0,1122
370;174,09;160,0;call;02/05/2016;0,0;14,35;16,3;0;0,2942;0,209;0,3793;0,8478;0,0159;-0,0538;0,1178
371;174,09;160,0;put;02/05/2016;1,67;1,49;1,64;3;0,3232;0,3174;0,3291;-0,1722;0,0157;-0,0689;0,128
372;174,09;162,5;call;02/05/2016;0,0;13,35;13,85;0;0,3239;0,3067;0,3412;0,7810000000000000;0,0181;-0,076;0,1479
373;174,09;162,5;put;02/05/2016;0,62;1,81;2,04;0;0,31;0,302;0,3179;-0,2094;0,0185;-0,0746;0,1443
374;174,09;165,0;call;02/05/2016;13,58;11,35;11,85;0;0,3128;0,2976;0,32800000000000000;0,7359;0,0208;-0,0816;0,1638
375;174,09;165,0;put;02/05/2016;2,25;2,29;2,55;0;0,2999;0,2919;0,3079;-0,2558;0,0214;-0,0808;0,1614
376;174,09;167,5;call;02/05/2016;0,0;9,5;9,95;0;0,3024;0,2898;0,315;0,6834;0,0234;-0,0863;0,1784
377;174,09;167,5;put;02/05/2016;3,15;2,94;3,05;1;0,2879;0,2848;0,2911;-0,3089;0,0244;-0,0851;0,1767
378;174,09;170,0;call;02/05/2016;8,05;7,8;8,2;22;0,2932;0,2827;0,3037;0,6234;0,0258;-0,0896;0,1904
379;174,09;170,0;put;02/05/2016;4,0;3,75;3,95;0;0,2839;0,2787;0,2892;-0,373;0,0266;-0,0903;0,1899
380;174,09;172,5;call;02/05/2016;6,5;6,35;6,65;1;0,2879;0,2803;0,2954;0,5569;0,0273;-0,0918;0,198
381;174,09;172,5;put;02/05/2016;4,95;4,65;4,9;2;0,2751;0,2688;0,2814;-0,4413;0,0286;-0,0915;0,1979
382;174,09;175,0;call;02/05/2016;5,1;5,0;5,2;19;0,2791;0,2741;0,2841;0,4865;0,0285;-0,0901;0,2
383;174,09;175,0;put;02/05/2016;6,15;5,8;6,05;7;0,26900000000000000;0,2628;0,2753;-0,5145;0,0295;-0,0907;0,1999
384;174,09;177,5;call;02/05/2016;3,95;3,8;4,1;1;0,27400000000000000;0,2663;0,2816;0,4147;0,0283;-0,0867;0,1955
385;174,09;177,5;put;02/05/2016;7,55;7,15;7,4;3;0,2636;0,2572;0,27;-0,589;0,0294;-0,087;0,195
386;174,09;180,0;call;02/05/2016;0,0;2,88;3,1;0;0,2696;0,2636;0,2755;0,3446;0,0272;-0,0808;0,1847
387;174,09;180,0;put;02/05/2016;7,8;8,65;9,0;0;0,2591;0,2495;0,2686;-0,6618;0,0281;-0,0808;0,1833
388;174,09;182,5;call;02/05/2016;2,33;2,08;2,33;0;0,2657;0,2583;0,273;0,2786;0,0252;-0,0727;0,1685
389;174,09;182,5;put;02/05/2016;9,15;10,4;10,75;0;0,2559;0,2454;0,2665;-0,7291;0,0257;-0,0728;0,1659
390;174,09;185,0;call;02/05/2016;1,63;1,52;1,72;8;0,264;0,2573;0,2707;0,2207;0,0224;-0,0639;0,1488
391;174,09;185,0;put;02/05/2016;6,3;12,2;12,65;0;0,2485;0,2327;0,2643;-0,794;0,0228;-0,0615;0,1427
392;174,09;187,5;call;02/05/2016;1,2;1,08;1,26;10;0,2631;0,2561;0,2702;0,1712;0,0192;-0,0547;0,1275
393;174,09;187,5;put;02/05/2016;7,55;13,35;15,8;0;0,2609;0,0;0,3405;-0,8304;0,0192;-0,0576;0,1265
394;174,09;190,0;call;02/05/2016;0,83;0,75;0,9;12;0,2622;0,2552;0,2692;0,1296;0,016;-0,0453;0,1059
395;174,09;190,0;put;02/05/2016;0,0;16,3;18,45;0;0,2905;0,1977;0,3833;-0,8433;0,0164;-0,0608;0,1201
396;174,09;192,5;call;02/05/2016;0,0;0,5;0,66;0;0,2623;0,2527;0,272;0,0967;0,013000000000000000;-0,0368;0,0859
397;174,09;192,5;put;02/05/2016;0,0;17,15;21,1;0;0,2784;0,0;0,4251;-0,8883;0,0135;-0,047;0,095
398;174,09;195,0;call;02/05/2016;1,4;0,4;0,49;0;0,2687;0,2624;0,2749;0,0757;0,0106;-0,0314;0,0715
399;174,09;195,0;put;02/05/2016;0,0;19,65;23,5;0;0,2842;0,0;0,449;-0,9112;0,0112;-0,0411;0,0803
400;174,09;197,5;call;02/05/2016;0,88;0,24;0,36;0;0,2674;0,2566;0,2782;0,054000000000000000;0,0082;-0,024;0,055
401;174,09;197,5;put;02/05/2016;0,0;22,05;25,9;0;0,2876;0,0;0,4712;-0,9311;0,0091;-0,0349;0,0661
402;174,09;200,0;call;02/05/2016;0,68;0,17;0,31;0;0,2751;0,2597;0,2905;0,0428;0,0066;-0,0206;0,0457
403;174,09;200,0;put;02/05/2016;0,0;24,5;28,35;0;0,3059;0,0;0,4958;-0,9372;0,008;-0,0346;0,0614
404;174,09;202,5;call;02/05/2016;0,0;0,12;0,26;0;0,2819;0,2631;0,3007;0,0338;0,0053;-0,0174;0,0376
405;174,09;202,5;put;02/05/2016;0,0;26,95;30,8;0;0,309;0,0;0,5192;-0,9509;0,0065;-0,0294;0,0504
406;174,09;205,0;call;02/05/2016;0,41;0,09;0,22;0;0,2899;0,26900000000000000;0,3108;0,0273;0,0043;-0,015;0,0316
407;174,09;205,0;put;02/05/2016;0,0;29,25;33,15;0;0,3194;0,0;0,5336;-0,9581;0,0055;-0,027000000000000000;0,0443
408;174,09;207,5;call;02/05/2016;0,25;0,06;0,19;0;0,2956;0,2707;0,3205;0,0214;0,0035;-0,0124;0,0257
409;174,09;207,5;put;02/05/2016;0,0;31,9;35,75;0;0,3357;0,0;0,5673;-0,9612;0,0049;-0,0267;0,0416
410;174,09;210,0;call;02/05/2016;0,0;0,04;0,17;0;0,3018;0,2715;0,3321;0,017;0,0028;-0,0105;0,0212
411;174,09;210,0;put;02/05/2016;0,0;34,4;38,25;0;0,3591;0,0;0,5922;-0,9607;0,0046;-0,0286;0,042
412;174,09;212,5;call;02/05/2016;0,0;0,03;0,15;0;0,3097;0,2769;0,3425;0,014000000000000000;0,0023;-0,0091;0,0179
413;174,09;212,5;put;02/05/2016;0,0;36,9;40,75;0;0,3867;0,0;0,6165;-0,9583;0,0045;-0,0318;0,0441
414;174,09;215,0;call;02/05/2016;0,0;0,02;0,14;0;0,3171;0,2788;0,3553;0,0116;0,0019;-0,0079;0,0152
415;174,09;215,0;put;02/05/2016;0,0;39,3;43,3;0;0,3945;0,0;0,6446;-0,9638;0,0039;-0,0292;0,0392
416;174,09;217,5;call;02/05/2016;0,0;0,02;0,13;0;0,3298;0,2923;0,3674;0,0107;0,0017;-0,0077;0,0142
417;174,09;217,5;put;02/05/2016;0,0;41,85;45,65;0;0,4092;0,0;0,6545;-0,966;0,0036;-0,0288;0,0372
418;174,09;220,0;call;02/05/2016;0,0;0,02;0,13;0;0,3443;0,3054;0,3831;0,0103;0,0016;-0,0077;0,0137
419;174,09;220,0;put;02/05/2016;0,0;44,3;48,3;0;0,41700000000000000;0,0;0,6906;-0,9701;0,0032;-0,0267;0,0334
420;174,09;225,0;call;02/05/2016;0,0;0,01;0,11;0;0,3567;0,3092;0,4042;0,0071;0,0011;-0,0058;0,01
421;174,09;225,0;put;02/05/2016;0,0;49,3;53,1;0;0,4406;0,0;0,7158;-0,9744;0,0026;-0,025;0,0292
422;174,09;230,0;call;02/05/2016;0,0;0,0;0,09;0;0,3868;0,0;0,4221;0,0072;0,001;-0,0063;0,01
423;174,09;230,0;put;02/05/2016;0,0;54,3;58,15;0;0,4684;0,0;0,7624;-0,9766;0,0023;-0,0247;0,0271
424;174,09;149,0;call;02/12/2016;0,0;24,45;27,45;0;0,3714;0,0;0,5083;0,9146;0,0076;-0,0432;0,0869
425;174,09;149,0;put;02/12/2016;0,0;0,7;0,92;0;0,3662;0,3532;0,3792;-0,0827;0,0075;-0,0416;0,0848
426;174,09;150,0;call;02/12/2016;0,0;22,8;26,6;0;0,3487;0,0;0,5049;0,9179;0,0078;-0,0394;0,0844
427;174,09;150,0;put;02/12/2016;0,0;0,75;0,93;0;0,3578;0,3476;0,368;-0,0871;0,008;-0,0423;0,0882
428;174,09;152,5;call;02/12/2016;0,0;21,3;23,85;0;0,3383;0,0;0,4495;0,8994;0,0094;-0,0445;0,0982
429;174,09;152,5;put;02/12/2016;0,0;0,91;1,15;0;0,34700000000000000;0,3352;0,3587;-0,1059;0,0095;-0,0473;0,1019
430;174,09;155,0;call;02/12/2016;0,0;18,75;21,95;0;0,3333;0,0;0,4538;0,8735;0,0112;-0,0516;0,1156
431;174,09;155,0;put;02/12/2016;0,0;1,12;1,33;0;0,3331;0,324;0,3423;-0,1264;0,0112;-0,0515;0,1155
432;174,09;157,5;call;02/12/2016;0,0;16,5;19,8;0;0,3244;0,0;0,4376;0,8455;0,0132;-0,0575;0,1324
433;174,09;157,5;put;02/12/2016;0,0;1,36;1,65;0;0,3226;0,3115;0,3336;-0,1533;0,0132;-0,0569;0,1317
434;174,09;160,0;call;02/12/2016;0,0;14,35;17,65;0;0,2957;0,1738;0,4177;0,8263;0,0156;-0,0566;0,1428
435;174,09;160,0;put;02/12/2016;1,94;1,72;1,95;10;0,3113;0,3036;0,3191;-0,1848;0,0154;-0,0619;0,1485
436;174,09;162,5;call;02/12/2016;0,0;13,75;14,25;0;0,3109;0,2963;0,3256;0,7711;0,0175;-0,0702;0,1686
437;174,09;162,5;put;02/12/2016;0,0;2,16;2,4;0;0,3027;0,2955;0,3099;-0,2236;0,0177;-0,0675;0,1664
438;174,09;165,0;call;02/12/2016;0,0;11,75;12,25;0;0,299;0,2855;0,3125;0,7286;0,0199;-0,0739;0,1846
439;174,09;165,0;put;02/12/2016;2,97;2,67;2,91;10;0,2925;0,2859;0,299;-0,2676;0,0202;-0,0718;0,1833
440;174,09;167,5;call;02/12/2016;0,0;9,95;10,4;0;0,2912;0,2799;0,3024;0,6776;0,0221;-0,0779;0,1997
441;174,09;167,5;put;02/12/2016;2,7;3,35;3,6;1;0,2857;0,2794;0,292;-0,3199;0,0225;-0,0762;0,1991
442;174,09;170,0;call;02/12/2016;8,5;8,35;8,7;2;0,2857;0,2774;0,2939;0,6202;0,0239;-0,0811;0,212
443;174,09;170,0;put;02/12/2016;4,7;4,2;4,35;12;0,2781;0,2746;0,2817;-0,3776;0,0245;-0,0788;0,2116
444;174,09;172,5;call;02/12/2016;6,93;6,75;7,1;13;0,2758;0,2679;0,2838;0,5589;0,0257;-0,0812;0,2197
445;174,09;172,5;put;02/12/2016;0,0;5,15;5,3;0;0,2708;0,2674;0,2743;-0,4407;0,0262;-0,0797;0,2197
446;174,09;175,0;call;02/12/2016;5,5;5,45;5,75;13;0,2715;0,2647;0,2782;0,4934;0,0264;-0,0808;0,2221
447;174,09;175,0;put;02/12/2016;6,79;6,2;6,5;1;0,2643;0,2576;0,2711;-0,5077;0,0271;-0,0786;0,2221
448;174,09;177,5;call;02/12/2016;4,41;4,25;4,55;2;0,2654;0,2585;0,2722;0,4262;0,0265;-0,0776;0,2183
449;174,09;177,5;put;02/12/2016;3,98;7,6;7,85;0;0,2615;0,2557;0,2672;-0,5754;0,0269;-0,0764;0,2181
450;174,09;180,0;call;02/12/2016;0,0;3,3;3,55;0;0,262;0,256;0,268;0,3607;0,0257;-0,0731;0,2084
451;174,09;180,0;put;02/12/2016;9,63;9,1;9,4;10;0,2579;0,2507;0,2651;-0,6419;0,026000000000000000;-0,0718;0,2079
452;174,09;182,5;call;02/12/2016;0,0;2,42;2,75;0;0,2575;0,249;0,2661;0,2975;0,0242;-0,0665;0,1929
453;174,09;182,5;put;02/12/2016;0,0;10,65;11,1;0;0,2511;0,2393;0,2629;-0,7079;0,0246;-0,0643;0,1912
454;174,09;185,0;call;02/12/2016;2,0;1,83;2,09;6;0,2573;0,2499;0,2646;0,2427;0,0218;-0,06;0,1741
455;174,09;185,0;put;02/12/2016;0,0;12,45;12,95;0;0,2464;0,2316;0,2611;-0,7679;0,0222;-0,0561;0,1699
456;174,09;187,5;call;02/12/2016;1,38;1,35;1,55;10;0,2548;0,2482;0,2614;0,1922;0,0193;-0,0519;0,1521
457;174,09;187,5;put;02/12/2016;10,09;13,65;16,05;0;0,239;0,1517;0,3262;-0,8245;0,0194;-0,046;0,1438
458;174,09;190,0;call;02/12/2016;1,1;0,98;1,16;23;0,2547;0,2478;0,2616;0,1508;0,0165;-0,0444;0,1303
459;174,09;190,0;put;02/12/2016;0,0;15,3;18,55;0;0,2515;0,0;0,3566;-0,8525;0,0165;-0,0432;0,1284
460;174,09;192,5;call;02/12/2016;0,71;0,69;0,86;3;0,2546;0,2469;0,2623;0,1163;0,0138;-0,0371;0,1089
461;174,09;192,5;put;02/12/2016;0,0;17,95;20,85;0;0,2565;0,0;0,3736;-0,8819;0,0139;-0,0378;0,1101
462;174,09;195,0;call;02/12/2016;1,33;0,51;0,64;0;0,2563;0,2491;0,2635;0,0896;0,0113;-0,0309;0,0902
463;174,09;195,0;put;02/12/2016;0,0;19,6;23,2;0;0,2658;0,0;0,3916;-0,9018;0,0117;-0,0343;0,0964
464;174,09;197,5;call;02/12/2016;0,0;0,37;0,48;0;0,2586;0,2511;0,266;0,0689;0,0092;-0,0256;0,0738
465;174,09;197,5;put;02/12/2016;24,41;22,15;25,85;10;0,2655;0,0;0,4276;-0,9255;0,0095;-0,0279;0,0784
466;174,09;200,0;call;02/12/2016;0,66;0,24;0,38;0;0,2602;0,2485;0,2719;0,052000000000000000;0,0073;-0,0206;0,0592
467;174,09;200,0;put;02/12/2016;0,0;24,55;27,85;0;0,2716;0,0;0,4187;-0,9399;0,0079;-0,0242;0,0664
468;174,09;202,5;call;02/12/2016;0,0;0,18;0,33;0;0,2675;0,2525;0,2825;0,0423;0,0061;-0,018000000000000000;0,0502
469;174,09;202,5;put;02/12/2016;0,0;27,0;30,7;0;0,293;0,0;0,4678;-0,9414;0,0072;-0,0256;0,0651
470;174,09;205,0;call;02/12/2016;0,0;0,13;0,27;0;0,2724;0,2553;0,2895;0,0334;0,0049;-0,0151;0,0414
471;174,09;205,0;put;02/12/2016;0,0;29,45;33,2;0;0,3081;0,0;0,4917;-0,9462;0,0064;-0,0251;0,0608
472;174,09;207,5;call;02/12/2016;0,0;0,1;0,23;0;0,2794;0,2605;0,2983;0,0274;0,0041;-0,0132;0,0352
473;174,09;207,5;put;02/12/2016;0,0;31,85;35,75;0;0,3343;0,0;0,5185;-0,9439;0,0061;-0,0282;0,0629
474;174,09;210,0;call;02/12/2016;0,0;0,07;0,2;0;0,2845;0,2625;0,3065;0,0219;0,0033;-0,0111;0,0291
475;174,09;210,0;put;02/12/2016;0,0;34,4;38,25;0;0,342;0,0;0,5412;-0,9515;0,0053;-0,0257;0,056000000000000000
476;174,09;212,5;call;02/12/2016;0,17;0,05;0,18;0;0,2905;0,2643;0,3168;0,0179;0,0027;-0,0095;0,0245
477;174,09;212,5;put;02/12/2016;0,0;36,7;40,7;0;0,3541;0,0;0,5595;-0,9558;0,0047;-0,0247;0,052000000000000000
478;174,09;215,0;call;02/12/2016;0,0;0,04;0,16;0;0,2981;0,2703;0,326;0,0152;0,0023;-0,0085;0,0213
479;174,09;215,0;put;02/12/2016;0,0;39,4;43,1;0;0,3701;0,0;0,5732;-0,9576;0,0044;-0,0249;0,0503
480;174,09;217,5;call;02/12/2016;0,0;0,03;0,15;0;0,3058;0,2741;0,3374;0,013000000000000000;0,002;-0,0076;0,0186
481;174,09;217,5;put;02/12/2016;0,0;41,9;45,7;0;0,3898;0,0;0,602;-0,9576;0,0042;-0,0263;0,0503
482;174,09;220,0;call;02/12/2016;0,11;0,02;0,14;0;0,3115;0,2748;0,3482;0,0107;0,0016;-0,0066;0,0158
483;174,09;220,0;put;02/12/2016;0,0;44,3;48,3;0;0,4139;0,0;0,6305;-0,9556;0,0041;-0,0289;0,0522
484;174,09;225,0;call;02/12/2016;0,0;0,02;0,13;0;0,3351;0,298;0,3721;0,0096;0,0014;-0,0064;0,0144
485;174,09;225,0;put;02/12/2016;0,0;49,3;53,3;0;0,4425;0,0;0,6705;-0,9592;0,0036;-0,0289;0,0487
486;174,09;230,0;call;02/12/2016;0,0;0,01;0,11;0;0,3446;0,2994;0,3898;0,0067;0,001;-0,0048;0,0105
487;174,09;230,0;put;02/12/2016;0,0;54,35;58,1;0;0,4567;0,0;0,6918;-0,9667;0,0029;-0,0253;0,0413
488;174,09;95,0;call;02/19/2016;0,0;77,05;80,9;0;0,7724;0,0;1,2492;0,9898;0,0005;-0,0066;0,0143
489;174,09;95,0;put;02/19/2016;0,0;0,02;0,05;0;0,6467;0,6163;0,6771;-0,0026;0,0002;-0,0036;0,0049
490;174,09;100,0;call;02/19/2016;0,0;72,05;75,75;0;0,6872;0,0;1,139;0,9909;0,0005;-0,0039;0,0127
491;174,09;100,0;put;02/19/2016;0,05;0,05;0,11;25;0,6547;0,6239;0,6856;-0,0056;0,0004;-0,0072;0,0097
492;174,09;105,0;call;02/19/2016;0,0;66,95;71,0;0;0,618;0,0;1,0893;0,9913;0,0005;-0,0025;0,0121
493;174,09;105,0;put;02/19/2016;0,08;0,05;0,13;10;0,6089;0,5732;0,6445;-0,0065;0,0005;-0,0077;0,0111
494;174,09;110,0;call;02/19/2016;0,0;62,0;65,8;0;0,5675;0,0;0,9829;0,9906;0,0006;-0,0026;0,0132
495;174,09;110,0;put;02/19/2016;0,1;0,05;0,19;0;0,5739;0,5245;0,6233;-0,0085;0,0007;-0,0091;0,014000000000000000
496;174,09;115,0;call;02/19/2016;0,0;57,05;60,85;0;0,531;0,0;0,9112;0,9885;0,0008;-0,0038;0,0162
497;174,09;115,0;put;02/19/2016;0,08;0,11;0,18;0;0,546;0,5271;0,5649;-0,0117;0,0009;-0,0115;0,0185
498;174,09;120,0;call;02/19/2016;0,0;52,05;55,85;0;0,4894;0,0;0,8365;0,9865;0,001;-0,0046;0,0189
499;174,09;120,0;put;02/19/2016;0,15;0,11;0,28;0;0,5143;0,4784;0,5501;-0,0155;0,0012;-0,0138;0,0236
500;174,09;125,0;call;02/19/2016;0,0;47,15;51,0;0;0,4754;0,0;0,7798;0,9794;0,0016;-0,0093;0,0282
501;174,09;125,0;put;02/19/2016;0,0;0,2;0,33;0;0,4913;0,47100000000000000;0,5117;-0,0221;0,0018;-0,0178;0,032
502;174,09;130,0;call;02/19/2016;0,0;42,25;45,95;0;0,4467;0,0;0,7036;0,9726;0,0022;-0,0126;0,0365
503;174,09;130,0;put;02/19/2016;0,4;0,28;0,31;0;0,4503;0,4463;0,4543;-0,0268;0,0023;-0,0192;0,0375
504;174,09;135,0;call;02/19/2016;0,0;37,35;41,05;0;0,4298;0,0;0,6434;0,9596;0,0032;-0,0191;0,0511
505;174,09;135,0;put;02/19/2016;0,38;0,36;0,43;71;0,4223;0,4152;0,4295;-0,0366;0,0031;-0,0234;0,0486
506;174,09;140,0;call;02/19/2016;35,4;33,15;35,9;10;0,39300000000000000;0,0;0,5623;0,9490000000000000;0,0043;-0,0219;0,0621
507;174,09;140,0;put;02/19/2016;0,5;0,47;0,55;52;0,3913;0,3848;0,3978;-0,0489;0,0043;-0,0274;0,0614
508;174,09;145,0;call;02/19/2016;30,0;28,85;30,6;4;0,3397;0,2079;0,4714;0,9428;0,0055;-0,0205;0,0682
509;174,09;145,0;put;02/19/2016;0,67;0,64;0,78;26;0,3662;0,3575;0,3749;-0,0687;0,006;-0,0336;0,0803
510;174,09;150,0;call;02/19/2016;27,0;24,1;26,05;0;0,3464;0,2522;0,4405;0,8987;0,0083;-0,0362;0,1063
511;174,09;150,0;put;02/19/2016;1,0;0,92;1,03;20;0,3396;0,3343;0,3449;-0,0958;0,0083;-0,0401;0,1032
512;174,09;155,0;call;02/19/2016;21,0;19,65;21,25;0;0,3279;0,2693;0,3864;0,8542;0,0114;-0,0459;0,1378
513;174,09;155,0;put;02/19/2016;1,53;1,35;1,49;27;0,3181;0,3129;0,3234;-0,1378;0,0114;-0,0487;0,1335
514;174,09;160,0;call;02/19/2016;16,5;16,05;16,5;3;0,3191;0,306;0,3323;0,7872;0,0149;-0,0585;0,1754
515;174,09;160,0;put;02/19/2016;2,09;2,03;2,17;83;0,2987;0,2946;0,3029;-0,1979;0,0153;-0,058000000000000000;0,1687
516;174,09;165,0;call;02/19/2016;0,0;12,1;12,55;0;0,2995;0,2886;0,3103;0,7083;0,0188;-0,0659;0,2076
517;174,09;165,0;put;02/19/2016;3,12;3,05;3,15;103;0,2802;0,2777;0,2826;-0,2797;0,0198;-0,0661;0,204
518;174,09;170,0;call;02/19/2016;8,24;8,65;9,0;31;0,2821;0,2745;0,2896;0,6077;0,0224;-0,0704;0,2327
519;174,09;170,0;put;02/19/2016;5,0;4,55;4,7;174;0,266;0,2628;0,2693;-0,3867;0,0237;-0,0719;0,23200000000000000
520;174,09;175,0;call;02/19/2016;5,9;5,9;6,1;441;0,271;0,2669;0,2752;0,4897;0,0242;-0,0709;0,2416
521;174,09;175,0;put;02/19/2016;7,13;6,65;6,85;129;0,2536;0,2494;0,2577;-0,5119;0,0259;-0,0721;0,2416
522;174,09;180,0;call;02/19/2016;3,8;3,7;3,9;247;0,2609;0,2568;0,2651;0,36700000000000000;0,0238;-0,065;0,2282
523;174,09;180,0;put;02/19/2016;9,85;9,45;9,7;22;0,2436;0,2381;0,2491;-0,6428;0,0252;-0,0658;0,2258
524;174,09;185,0;call;02/19/2016;2,13;2,27;2,35;665;0,2574;0,2554;0,2594;0,2576;0,0207;-0,0553;0,1957
525;174,09;185,0;put;02/19/2016;13,56;12,8;13,2;4;0,2315;0,2206;0,2423;-0,7667;0,0217;-0,0528;0,1849
526;174,09;190,0;call;02/19/2016;1,13;1,25;1,33;499;0,2516;0,249;0,2542;0,1656;0,0163;-0,0418;0,1509
527;174,09;190,0;put;02/19/2016;17,68;16,7;18,1;6;0,2419;0,1927;0,29100000000000000;-0,8433;0,0162;-0,0445;0,1446
528;174,09;195,0;call;02/19/2016;0,7;0,67;0,78;57;0,2529;0,248;0,2578;0,1037;0,0117;-0,0306;0,1093
529;174,09;195,0;put;02/19/2016;22,17;21,15;22,7;3;0,2471;0,0;0,3143;-0,9004;0,0115;-0,0346;0,105
530;174,09;200,0;call;02/19/2016;0,38;0,36;0,46;199;0,2555;0,2489;0,2622;0,0629;0,008;-0,0212;0,0749
531;174,09;200,0;put;02/19/2016;26,53;25,45;27,65;58;0,2582;0,0;0,3549;-0,9335;0,0081;-0,0279;0,0769
532;174,09;205,0;call;02/19/2016;0,26;0,21;0,27;0;0,2621;0,2565;0,2678;0,0392;0,0053;-0,015;0,0514
533;174,09;205,0;put;02/19/2016;24,15;29,95;32,95;0;0,2629;0,0;0,4188;-0,9589;0,0054;-0,0211;0,0519
534;174,09;210,0;call;02/19/2016;0,0;0,12;0,24;0;0,2772;0,2614;0,293;0,0281;0,0038;-0,0121;0,0391
535;174,09;210,0;put;02/19/2016;0,0;34,45;38,15;0;0,2582;0,0;0,474;-0,9786;0,0031;-0,0143;0,0292
536;174,09;215,0;call;02/19/2016;0,14;0,05;0,18;0;0,2815;0,2564;0,3066;0,0171;0,0025;-0,008;0,0257
537;174,09;215,0;put;02/19/2016;0,0;39,35;43,05;0;0,2684;0,0;0,5053;-0,9855;0,0021;-0,012;0,0203
538;174,09;220,0;call;02/19/2016;0,09;0,03;0,15;0;0,2945;0,2644;0,3247;0,0124;0,0018;-0,0064;0,0195
539;174,09;220,0;put;02/19/2016;0,0;44,3;48,25;0;0,2909;0,0;0,5580000000000000;-0,987;0,0017;-0,0118;0,0183
540;174,09;225,0;call;02/19/2016;0,0;0,02;0,13;0;0,3092;0,2752;0,3433;0,0096;0,0014;-0,0054;0,0156
541;174,09;225,0;put;02/19/2016;0,0;49,35;53,25;0;0,2988;0,0;0,5939;-0,9909;0,0012;-0,0102;0,0127
542;174,09;230,0;call;02/19/2016;0,0;0,01;0,13;0;0,3219;0,2762;0,3677;0,0073;0,001;-0,0044;0,0123
543;174,09;230,0;put;02/19/2016;0,0;54,3;58,05;0;0,3298;0,0;0,6116;-0,9898;0,0012;-0,0112;0,0143
544;174,09;235,0;call;02/19/2016;0,0;0,0;0,14;0;0,3539;0,0;0,3953;0,0086;0,0011;-0,0056;0,0141
545;174,09;235,0;put;02/19/2016;0,0;59,4;63,25;0;0,3506;0,0;0,6616;-0,9905;0,001;-0,0112;0,0134
546;174,09;240,0;call;02/19/2016;0,0;0,0;0,14;0;0,3808;0,0;0,4184;0,009000000000000000;0,0011;-0,0063;0,0148
547;174,09;240,0;put;02/19/2016;0,0;64,3;68,25;0;0,3881;0,0;0,6936;-0,9883;0,0012;-0,0131;0,0165
548;174,09;245,0;call;02/19/2016;0,0;0,0;0,14;0;0,4062;0,0;0,4408;0,0093;0,001;-0,0069;0,0152
549;174,09;245,0;put;02/19/2016;0,0;69,3;73,25;0;0,4386;0,0;0,7246;-0,9835;0,0014;-0,0172;0,023
550;174,09;250,0;call;02/19/2016;0,0;0,0;0,14;0;0,4241;0,0;0,4626;0,0085;0,0009;-0,0067;0,0141
551;174,09;250,0;put;02/19/2016;0,0;74,35;78,15;0;0,4317;0,0;0,7453;-0,9889;0,001;-0,0135;0,0156
552;174,09;255,0;call;02/19/2016;0,0;0,0;0,14;0;0,444;0,0;0,4837;0,0082;0,0008;-0,0068;0,0136
553;174,09;255,0;put;02/19/2016;0,0;79,25;83,25;0;0,4171;0,0;0,7834;-0,9933;0,0006;-0,0101;0,009000000000000000
554;174,09;260,0;call;02/19/2016;0,0;0,0;0,14;0;0,4636;0,0;0,5044;0,0079;0,0008;-0,0069;0,0132
555;174,09;260,0;put;02/19/2016;0,0;84,3;88,05;0;0,4196;0,0;0,7922;-0,9948;0,0004;-0,009000000000000000;0,0067
556;174,09;265,0;call;02/19/2016;0,0;0,0;0,14;0;0,4828;0,0;0,5244;0,0077;0,0007;-0,007000000000000000;0,0129
557;174,09;265,0;put;02/19/2016;0,0;89,25;93,25;0;0,4049;0,0;0,8387;-0,9967;0,0002;-0,0075;0,0034
558;174,09;270,0;call;02/19/2016;0,0;0,0;0,14;0;0,5024;0,0;0,544;0,0076;0,0007;-0,0071;0,0127
559;174,09;270,0;put;02/19/2016;0,0;94,3;98,05;0;0,4213;0,0;0,8453;-0,9968;0,0002;-0,0075;0,0033
560;174,09;275,0;call;02/19/2016;0,0;0,0;0,15;0;0,5199;0,0;0,568;0,0073;0,0006;-0,0072;0,0123
561;174,09;275,0;put;02/19/2016;0,0;99,25;103,05;0;0,4869;0,0;0,8707;-0,9941;0,0004;-0,0102;0,0078
562;174,09;280,0;call;02/19/2016;0,0;0,0;0,13;0;0,5334;0,0;0,5764;0,0067;0,0006;-0,0068;0,0114
563;174,09;280,0;put;02/19/2016;0,0;104,25;108,3;0;0,5489;0,0;0,9211;-0,9902;0,0007;-0,0143;0,0137
564;174,09;90,0;call;04/15/2016;0,0;81,95;85,85;0;0,5228;0,0;0,889;0,9928;0,0003;-0,001;0,0145
565;174,09;90,0;put;04/15/2016;0,17;0,09;0,22;0;0,5538;0,5213;0,5864;-0,0079;0,0004;-0,0055;0,0198
566;174,09;95,0;call;04/15/2016;0,0;77,15;80,75;0;0,5155;0,0;0,8171;0,9895;0,0005;-0,0028;0,0219
567;174,09;95,0;put;04/15/2016;0,38;0,17;0,23;0;0,5347;0,5232;0,5462;-0,0109;0,0006;-0,007000000000000000;0,0261
568;174,09;100,0;call;04/15/2016;0,0;72,2;75,9;0;0,5036;0,0;0,7732;0,9854;0,0007;-0,0049;0,0305
569;174,09;100,0;put;04/15/2016;0,17;0,23;0,28;0;0,512;0,5044;0,5196;-0,0141;0,0008;-0,0084;0,0328
570;174,09;105,0;call;04/15/2016;0,0;67,15;71,05;0;0,4832;0,0;0,73;0,9812;0,001;-0,0066;0,0387
571;174,09;105,0;put;04/15/2016;0,29;0,26;0,38;0;0,4881;0,4732;0,503;-0,018000000000000000;0,001;-0,0099;0,0403
572;174,09;110,0;call;04/15/2016;0,0;62,35;65,95;0;0,4624;0,0;0,6672;0,9761;0,0013;-0,0084;0,0484
573;174,09;110,0;put;04/15/2016;0,45;0,36;0,43;0;0,4651;0,45800000000000000;0,4721;-0,0228;0,0013;-0,0115;0,0494
574;174,09;115,0;call;04/15/2016;60,1;57,45;61,15;0;0,4381;0,0;0,6303;0,9706;0,0016;-0,01;0,0583
575;174,09;115,0;put;04/15/2016;0,49;0,47;0,52;20;0,4434;0,4392;0,4475;-0,0291;0,0016;-0,0135;0,0606
576;174,09;120,0;call;04/15/2016;0,0;52,5;56,3;0;0,4146;0,0;0,5896;0,9635;0,002;-0,0118;0,0703
577;174,09;120,0;put;04/15/2016;0,59;0,58;0,62;1;0,4194;0,4166;0,4221;-0,0363;0,0021;-0,0153;0,0726
578;174,09;125,0;call;04/15/2016;68,0;47,5;51,35;0;0,3907;0,0;0,5427;0,955;0,0026;-0,0137;0,084
579;174,09;125,0;put;04/15/2016;0,78;0,7;0,76;16;0,3961;0,3926;0,3996;-0,0453;0,0026;-0,0173;0,087
580;174,09;130,0;call;04/15/2016;52,0;42,65;46,6;0;0,3614;0,0;0,5085;0,9466;0,0032;-0,0148;0,0967
581;174,09;130,0;put;04/15/2016;0,97;0,86;0,95;10;0,3746;0,3703;0,3789;-0,0573;0,0034;-0,0197;0,1048
582;174,09;135,0;call;04/15/2016;0,0;38,95;41,1;0;0,3337;0,2357;0,4317;0,9357;0,004;-0,0161;0,1125
583;174,09;135,0;put;04/15/2016;1,21;1,06;1,19;21;0,3535;0,3483;0,3586;-0,0726;0,0043;-0,0224;0,1259
584;174,09;140,0;call;04/15/2016;44,5;34,25;36,05;0;0,3178;0,2526;0,3831;0,9149;0,0053;-0,0196;0,14
585;174,09;140,0;put;04/15/2016;1,51;1,38;1,5;3;0,3352;0,3313;0,3392;-0,0935;0,0055;-0,0257;0,1524
586;174,09;145,0;call;04/15/2016;30,54;29,7;31,7;2;0,3141;0,2584;0,3698;0,8801;0,0069;-0,0258;0,1806
587;174,09;145,0;put;04/15/2016;1,91;1,8;1,93;16;0,3183;0,3147;0,3218;-0,1209;0,0069;-0,0294;0,1835
588;174,09;150,0;call;04/15/2016;25,9;25,25;26,55;6;0,2848;0,2533;0,3163;0,8543;0,0087;-0,027000000000000000;0,207
589;174,09;150,0;put;04/15/2016;2,45;2,37;2,51;28;0,3028;0,2996;0,306;-0,1566;0,0087;-0,0335;0,2189
590;174,09;155,0;call;04/15/2016;24,91;21,85;22,35;0;0,2919;0,2823;0,3015;0,794;0,0106;-0,0354;0,2587
591;174,09;155,0;put;04/15/2016;3,3;3,15;3,3;19;0,289;0,2861;0,292;-0,2025;0,0107;-0,0376;0,2573
592;174,09;160,0;call;04/15/2016;18,08;17,9;18,6;3;0,2828;0,2714;0,2941;0,7353;0,0126;-0,0399;0,2976
593;174,09;160,0;put;04/15/2016;4,35;4,15;4,3;22;0,2751;0,2725;0,2776;-0,2587;0,0129;-0,0412;0,2951
594;174,09;165,0;call;04/15/2016;14,4;14,25;14,7;29;0,2663;0,2595;0,2731;0,6698;0,0149;-0,0419;0,3297
595;174,09;165,0;put;04/15/2016;5,62;5,5;5,75;4;0,2649;0,2612;0,2687;-0,32800000000000000;0,0149;-0,0444;0,3294
596;174,09;170,0;call;04/15/2016;10,9;11,05;11,45;7;0,2567;0,251;0,2623;0,5907;0,0165;-0,0436;0,3539
597;174,09;170,0;put;04/15/2016;7,7;7,3;7,5;293;0,2555;0,2526;0,2583;-0,4075;0,0166;-0,0462;0,3539
598;174,09;175,0;call;04/15/2016;8,5;8,35;8,65;124;0,2492;0,2451;0,2533;0,5044;0,0175;-0,0437;0,3635
599;174,09;175,0;put;04/15/2016;9,65;9,5;9,75;60;0,2473;0,2439;0,2508;-0,4944;0,0176;-0,0462;0,3635
600;174,09;180,0;call;04/15/2016;6,18;6,1;6,35;639;0,2431;0,2395;0,2466;0,4158;0,0176;-0,0419;0,3555
601;174,09;180,0;put;04/15/2016;12,25;12,2;12,45;25;0,2404;0,2369;0,2439;-0,5841;0,0177;-0,0442;0,3553
602;174,09;185,0;call;04/15/2016;4,1;4,35;4,5;91;0,2382;0,2359;0,2404;0,3304;0,0167;-0,0383;0,3304
603;174,09;185,0;put;04/15/2016;14,85;15,3;15,7;7;0,2346;0,2285;0,2406;-0,6711;0,0168;-0,0404;0,3291
604;174,09;190,0;call;04/15/2016;2,85;2,97;3,15;231;0,2346;0,2316;0,2377;0,2534;0,0149;-0,0334;0,2919
605;174,09;190,0;put;04/15/2016;20,0;19,05;19,35;2;0,2327;0,2276;0,2379;-0,747;0,015;-0,0358;0,2907
606;174,09;195,0;call;04/15/2016;2,0;2,0;2,12;52;0,2318;0,2294;0,2343;0,1876;0,0127;-0,0278;0,2456
607;174,09;195,0;put;04/15/2016;22,5;22,2;24,5;0;0,2314;0,1839;0,2789;-0,8113;0,0127;-0,0306;0,2452
608;174,09;200,0;call;04/15/2016;1,36;1,28;1,42;49;0,2298;0,2263;0,2333;0,1344;0,0103;-0,0222;0,1975
609;174,09;200,0;put;04/15/2016;26,25;26,5;28,7;0;0,2209;0,1603;0,2814;-0,8744;0,0101;-0,023;0,1868
610;174,09;205,0;call;04/15/2016;0,92;0,86;0,97;63;0,2322;0,2288;0,2356;0,0975;0,0081;-0,0179;0,1572
611;174,09;205,0;put;04/15/2016;31,47;31,55;33,4;1;0,243;0,1876;0,2984;-0,8895;0,0084;-0,0231;0,1702
612;174,09;210,0;call;04/15/2016;0,6;0,54;0,66;27;0,23200000000000000;0,22700000000000000;0,237;0,0674;0,0062;-0,0136;0,11900000000000000
613;174,09;210,0;put;04/15/2016;34,27;36,25;38,4;2;0,2417;0,1572;0,3262;-0,9221;0,0065;-0,0184;0,1309
614;174,09;215,0;call;04/15/2016;0,55;0,4;0,47;0;0,2381;0,2344;0,2417;0,0503;0,0048;-0,0111;0,0945
615;174,09;215,0;put;04/15/2016;39,07;40,05;43,4;0;0,257;0,0;0,3525;-0,9331;0,0054;-0,0175;0,1161
616;174,09;220,0;call;04/15/2016;0,4;0,26;0,37;1;0,2431;0,2354;0,2509;0,0371;0,0036;-0,0089;0,0739
617;174,09;220,0;put;04/15/2016;43,9;44,9;48,8;0;0,2711;0,0;0,3969;-0,9422;0,0046;-0,0166;0,1032
618;174,09;225,0;call;04/15/2016;0,32;0,19;0,26;0;0,2475;0,2413;0,2536;0,0271;0,0028;-0,007000000000000000;0,057
619;174,09;225,0;put;04/15/2016;0,0;49,8;53,75;0;0,2846;0,0;0,4192;-0,9495;0,0039;-0,0158;0,0924
620;174,09;230,0;call;04/15/2016;0,23;0,13;0,21;0;0,2534;0,2447;0,2622;0,0206;0,0021;-0,0057;0,0452
621;174,09;230,0;put;04/15/2016;0,0;54,6;58,4;0;0,2956;0,0;0,4249;-0,9566;0,0033;-0,0147;0,0814
622;174,09;235,0;call;04/15/2016;0,31;0,09;0,22;0;0,2642;0,2478;0,2807;0,0175;0,0018;-0,0051;0,0394
623;174,09;235,0;put;04/15/2016;0,0;59,7;63,45;0;0,3049;0,0;0,4498;-0,9631;0,0028;-0,0135;0,071
624;174,09;240,0;call;04/15/2016;0,53;0,07;0,19;0;0,2725;0,2545;0,2905;0,0143;0,0015;-0,0045;0,0333
625;174,09;240,0;put;04/15/2016;0,0;64,7;68,55;0;0,3251;0,0;0,4768;-0,9631;0,0026;-0,0142;0,0709
626;174,09;245,0;call;04/15/2016;0,18;0,05;0,18;0;0,281;0,2584;0,3036;0,012;0,0012;-0,004;0,0285
627;174,09;245,0;put;04/15/2016;0,0;69,75;73,6;0;0,3465;0,0;0,5005;-0,9624;0,0025;-0,0152;0,0721
628;174,09;250,0;call;04/15/2016;0,14;0,05;0,15;0;0,2912;0,2716;0,3107;0,0106;0,0011;-0,0037;0,0255
629;174,09;250,0;put;04/15/2016;0,0;74,55;78,45;0;0,36;0,0;0,5123;-0,9649;0,0023;-0,0149;0,0679
630;174,09;255,0;call;04/15/2016;0,35;0,04;0,14;0;0,3;0,2779;0,3221;0,0092;0,0009;-0,0033;0,0225
631;174,09;255,0;put;04/15/2016;0,0;79,75;83,5;0;0,3702;0,0;0,5347;-0,9682;0,002;-0,0142;0,0624
632;174,09;260,0;call;04/15/2016;0,0;0,03;0,13;0;0,307;0,2813;0,3327;0,0077;0,0008;-0,0029;0,0194
633;174,09;260,0;put;04/15/2016;0,0;84,65;88,4;0;0,3796;0,0;0,5476;-0,9712;0,0018;-0,0135;0,0571
634;174,09;265,0;call;04/15/2016;0,0;0,03;0,12;0;0,3179;0,293;0,3427;0,0072;0,0007;-0,0029;0,0182
635;174,09;265,0;put;04/15/2016;0,0;89,65;93,35;0;0,39;0,0;0,5627;-0,9735;0,0016;-0,0131;0,0532
636;174,09;270,0;call;04/15/2016;0,0;0,02;0,11;0;0,3219;0,293;0,3509;0,0058;0,0006;-0,0024;0,015
637;174,09;270,0;put;04/15/2016;0,0;94,5;98,35;0;0,3964;0,0;0,5804;-0,9765;0,0014;-0,0122;0,0477
638;174,09;275,0;call;04/15/2016;0,0;0,02;0,11;0;0,3336;0,3038;0,3633;0,0056;0,0005;-0,0024;0,0146
639;174,09;275,0;put;04/15/2016;0,0;99,55;103,5;0;0,4163;0,0;0,6073;-0,9753;0,0014;-0,0131;0,0499
640;174,09;280,0;call;04/15/2016;0,0;0,01;0,1;0;0,33400000000000000;0,2967;0,3713;0,0042;0,0004;-0,0019;0,0113
641;174,09;280,0;put;04/15/2016;0,0;104,6;108,55;0;0,4345;0,0;0,6273;-0,9745;0,0014;-0,0138;0,0513
642;174,09;285,0;call;04/15/2016;0,14;0,0;0,09;0;0,3493;0,0;0,3784;0,0045;0,0004;-0,0021;0,0121
643;174,09;285,0;put;04/15/2016;0,0;109,6;113,4;0;0,4513;0,0;0,6341;-0,9741;0,0014;-0,0144;0,052000000000000000
644;174,09;290,0;call;04/15/2016;0,0;0,0;0,09;0;0,3593;0,0;0,3897;0,0043;0,0004;-0,0021;0,0116
645;174,09;290,0;put;04/15/2016;108,54;114,5;118,5;0;0,4617;0,0;0,6566;-0,9753;0,0013;-0,0142;0,0498
646;174,09;295,0;call;04/15/2016;0,04;0,0;0,08;0;0,3683;0,0;0,3956;0,0041;0,0004;-0,002;0,0111
647;174,09;295,0;put;04/15/2016;113,0;119,6;123,55;0;0,4836;0,0;0,6756;-0,9734;0,0013;-0,0156;0,0533
648;174,09;100,0;call;07/15/2016;0,0;72,3;76,45;0;0,4427;0,0;0,6042;0,9676;0,0012;-0,0076;0,0853
649;174,09;100,0;put;07/15/2016;0,64;0,53;0,66;3;0,4263;0,4178;0,4348;-0,026000000000000000;0,0011;-0,0085;0,0761
650;174,09;105,0;call;07/15/2016;0,0;67,4;71,6;0;0,4248;0,0;0,5693;0,9608;0,0015;-0,009000000000000000;0,1012
651;174,09;105,0;put;07/15/2016;0,0;0,66;0,83;0;0,4106;0,4014;0,4199;-0,0327;0,0014;-0,01;0,0922
652;174,09;110,0;call;07/15/2016;0,0;62,5;66,9;0;0,4014;0,0;0,5427;0,9545;0,0018;-0,0099;0,115
653;174,09;110,0;put;07/15/2016;0,0;0,81;0,98;0;0,3926;0,3848;0,4004;-0,0401;0,0017;-0,0113;0,1088
654;174,09;115,0;call;07/15/2016;0,0;57,65;61,85;0;0,3846;0,0;0,4992;0,9449;0,0022;-0,0114;0,1352
655;174,09;115,0;put;07/15/2016;1,0;0,99;1,11;0;0,3732;0,3684;0,3779;-0,0483;0,0021;-0,0124;0,1264
656;174,09;120,0;call;07/15/2016;0,0;53,4;56,95;0;0,3639;0,0;0,4641;0,9352;0,0027;-0,0125;0,1546
657;174,09;120,0;put;07/15/2016;1,26;1,21;1,35;3;0,3574;0,3527;0,3621;-0,0595;0,0026;-0,0141;0,1491
658;174,09;125,0;call;07/15/2016;0,0;48,65;51,55;0;0,3418;0,0;0,4084;0,9244;0,0032;-0,0135;0,1748
659;174,09;125,0;put;07/15/2016;1,2;1,47;1,64;0;0,3418;0,3369;0,3467;-0,0731;0,0032;-0,0158;0,1748
660;174,09;130,0;call;07/15/2016;0,0;44,25;47,05;0;0,3198;0,2474;0,3921;0,9118;0,0039;-0,0144;0,1972
661;174,09;130,0;put;07/15/2016;2,0;1,8;2,0;0;0,3272;0,3223;0,3321;-0,0898;0,0039;-0,0177;0,2042
662;174,09;135,0;call;07/15/2016;0,0;39,95;42,1;0;0,3112;0,2653;0,3572;0,8884;0,0048;-0,0171;0,2354
663;174,09;135,0;put;07/15/2016;2,35;2,25;2,46;0;0,3144;0,31;0,3189;-0,111;0,0048;-0,0198;0,2384
664;174,09;140,0;call;07/15/2016;44,3;35,65;37,75;0;0,305;0,2668;0,3431;0,8591;0,0057;-0,0202;0,2781
665;174,09;140,0;put;07/15/2016;2,88;2,8;3,05;453;0,3025;0,298;0,307;-0,1369;0,0057;-0,0221;0,276
666;174,09;145,0;call;07/15/2016;35,25;31,0;33,45;0;0,2878;0,2489;0,3267;0,8318;0,0069;-0,0217;0,3135
667;174,09;145,0;put;07/15/2016;2,39;3,5;3,75;0;0,2909;0,287;0,2949;-0,1678;0,0068;-0,0244;0,316
668;174,09;150,0;call;07/15/2016;36,3;27,95;28,5;0;0,2824;0,2747;0,2901;0,7914;0,008;-0,0247;0,3589
669;174,09;150,0;put;07/15/2016;4,55;4,35;4,65;2;0,2803;0,2761;0,2845;-0,2048;0,008;-0,0267;0,3575
670;174,09;155,0;call;07/15/2016;0,0;24,05;24,65;0;0,2738;0,2663;0,2813;0,7474;0,0092;-0,0269;0,4001
671;174,09;155,0;put;07/15/2016;5,7;5,45;5,75;1;0,271;0,2672;0,2747;-0,2485;0,0093;-0,0288;0,3988
672;174,09;160,0;call;07/15/2016;21,7;20,35;21,0;0;0,2647;0,2574;0,2721;0,6977;0,0104;-0,0287;0,4375
673;174,09;160,0;put;07/15/2016;7,0;6,8;7,1;5;0,2624;0,259;0,2658;-0,2987;0,0105;-0,0306;0,4368
674;174,09;165,0;call;07/15/2016;18,5;17,0;17,55;0;0,256;0,2501;0,2618;0,6421;0,0115;-0,0299;0,4687
675;174,09;165,0;put;07/15/2016;7,88;8,4;8,7;0;0,2539;0,2507;0,2571;-0,3548;0,0116;-0,0319;0,4684
676;174,09;170,0;call;07/15/2016;14,0;13,95;14,4;8;0,2475;0,2429;0,2521;0,581;0,0125;-0,0304;0,4908
677;174,09;170,0;put;07/15/2016;10,45;10,3;10,65;60;0,2465;0,2429;0,2501;-0,4165;0,0125;-0,0326;0,4908
678;174,09;175,0;call;07/15/2016;11,14;11,3;11,7;74;0,2419;0,2379;0,2458;0,516;0,013000000000000000;-0,0305;0,5011
679;174,09;175,0;put;07/15/2016;12,83;12,6;12,95;48;0,2404;0,2369;0,2439;-0,4818;0,0131;-0,0326;0,5011
680;174,09;180,0;call;07/15/2016;9,0;8,9;9,4;8;0,2366;0,2315;0,2417;0,4495;0,0132;-0,0297;0,4977
681;174,09;180,0;put;07/15/2016;15,37;15,25;15,6;5;0,2349;0,2314;0,2385;-0,5488;0,0133;-0,0318;0,4976
682;174,09;185,0;call;07/15/2016;7,08;6,95;7,4;27;0,2326;0,2278;0,2374;0,3842;0,013000000000000000;-0,0283;0,4807
683;174,09;185,0;put;07/15/2016;18,35;18,25;18,55;26;0,2295;0,2264;0,2327;-0,6155;0,0132;-0,0302;0,4798
684;174,09;190,0;call;07/15/2016;5,45;5,35;5,75;14;0,2295;0,2248;0,2341;0,3225;0,0124;-0,0263;0,4515
685;174,09;190,0;put;07/15/2016;21,75;21,55;21,95;0;0,2254;0,221;0,2299;-0,679;0,0125;-0,028000000000000000;0,4492
686;174,09;195,0;call;07/15/2016;4,9;4,05;4,35;101;0,2256;0,222;0,2293;0,2643;0,0115;-0,0237;0,4118
687;174,09;195,0;put;07/15/2016;25,25;25,1;25,65;9;0,2209;0,2142;0,2277;-0,7387;0,0116;-0,0252;0,4074
688;174,09;200,0;call;07/15/2016;3,0;3,05;3,3;31;0,2235;0,2209;0,2261;0,2136;0,0103;-0,0209;0,3665
689;174,09;200,0;put;07/15/2016;28,37;28,25;30,75;0;0,2207;0,18600000000000000;0,2554;-0,7873;0,0104;-0,0227;0,363
690;174,09;205,0;call;07/15/2016;2,37;2,17;2,5;15;0,2212;0,2157;0,2267;0,16900000000000000;0,009000000000000000;-0,018000000000000000;0,3175
691;174,09;205,0;put;07/15/2016;28,0;32,45;35,0;0;0,2179;0,1766;0,2592;-0,8326;0,009000000000000000;-0,0197;0,3124
692;174,09;210,0;call;07/15/2016;1,8;1,58;1,82;1;0,21900000000000000;0,2145;0,2235;0,1311;0,0077;-0,015;0,268
693;174,09;210,0;put;07/15/2016;29,95;36,85;39,45;0;0,2137;0,1623;0,2651;-0,8729;0,0076;-0,0164;0,2586
694;174,09;215,0;call;07/15/2016;2,05;1,15;1,4;0;0,2199;0,2145;0,2254;0,1033;0,0065;-0,0128;0,2263
695;174,09;215,0;put;07/15/2016;31,95;41,4;44,1;0;0,1992;0,1241;0,2742;-0,9183;0,0059;-0,0118;0,1859
696;174,09;220,0;call;07/15/2016;0,93;0,83;1,03;1;0,2197;0,2139;0,2255;0,0794;0,0053;-0,0105;0,1862
697;174,09;220,0;put;07/15/2016;0,0;46,3;49,1;0;0,22400000000000000;0,0;0,293;-0,9135;0,0055;-0,0135;0,1942
698;174,09;225,0;call;07/15/2016;0,9;0,62;0,78;0;0,2208;0,2156;0,226;0,0616;0,0044;-0,0087;0,1531
699;174,09;225,0;put;07/15/2016;43,69;50,8;53,85;0;0,2332;0,0;0,3023;-0,9241;0,0047;-0,0128;0,1753
700;174,09;230,0;call;07/15/2016;0,79;0,45;0,64;0;0,2238;0,2164;0,2311;0,049;0,0036;-0,0074;0,1278
701;174,09;230,0;put;07/15/2016;0,0;55,0;58,95;0;0,2366;0,0;0,32300000000000000;-0,9376;0,004;-0,0114;0,1497
702;174,09;235,0;call;07/15/2016;0,0;0,34;0,52;0;0,2274;0,2193;0,2355;0,0395;0,003;-0,0063;0,1075
703;174,09;235,0;put;07/15/2016;0,0;59,5;63,95;0;0,2174;0,0;0,3396;-0,9649;0,0027;-0,0074;0,0917
704;174,09;240,0;call;07/15/2016;0,71;0,25;0,43;0;0,2301;0,2196;0,2405;0,0314;0,0024;-0,0053;0,08900000000000000
705;174,09;240,0;put;07/15/2016;0,0;64,2;68,7;0;0,2174;0,0;0,3457;-0,9735;0,0021;-0,0063;0,071
706;174,09;245,0;call;07/15/2016;0,0;0,19;0,36;0;0,2334;0,2221;0,2447;0,0254;0,002;-0,0045;0,0745
707;174,09;245,0;put;07/15/2016;0,0;69,7;73,8;0;0,2111;0,0;0,3649;-0,9827;0,0014;-0,0049;0,047
708;174,09;250,0;call;07/15/2016;0,45;0,14;0,31;0;0,237;0,2236;0,2503;0,0207;0,0017;-0,0038;0,0628
709;174,09;250,0;put;07/15/2016;0,0;74,15;78,6;0;0,2105;0,0;0,3714;-0,9872;0,001;-0,0042;0,0344
710;174,09;255,0;call;07/15/2016;0,0;0,12;0,27;0;0,2428;0,2296;0,2559;0,0179;0,0014;-0,0035;0,0555
711;174,09;255,0;put;07/15/2016;0,0;79,15;83,7;0;0,2098;0,0;0,3897;-0,9904;0,0007;-0,0036;0,0247
712;174,09;260,0;call;07/15/2016;0,2;0,09;0,2;0;0,2429;0,2303;0,2555;0,0136;0,0011;-0,0028;0,0439
713;174,09;260,0;put;07/15/2016;0,0;84,15;88,6;0;0,2022;0,0;0,3991;-0,9938;0,0004;-0,003;0,0137
714;174,09;265,0;call;07/15/2016;0,0;0,07;0,21;0;0,25;0,2327;0,2673;0,0124;0,001;-0,0026;0,0404
715;174,09;265,0;put;07/15/2016;0,0;89,15;93,65;0;0,2034;0,0;0,4146;-0,9949;0,0003;-0,0028;0,01
716;174,09;270,0;call;07/15/2016;0,0;0,06;0,19;0;0,2555;0,2376;0,2734;0,0109;0,0009;-0,0024;0,0361
717;174,09;270,0;put;07/15/2016;0,0;94,1;98,6;0;0,1809;0,0;0,4252;-0,997;0,0001;-0,0024;0,0021
718;174,09;275,0;call;07/15/2016;0,0;0,05;0,17;0;0,2602;0,2416;0,2789;0,0095;0,0008;-0,0022;0,032
719;174,09;275,0;put;07/15/2016;0,0;99,1;103,6;0;0,1936;0,0;0,4378;-0,9968;0,0001;-0,0024;0,0029
720;174,09;280,0;call;07/15/2016;0,19;0,03;0,16;0;0,2614;0,2368;0,28600000000000000;0,0075;0,0006;-0,0018;0,0262
721;174,09;280,0;put;07/15/2016;0,0;104,5;108,4;0;0,196;0,0;0,4404;-0,997;0,0001;-0,0024;0,0022
722;174,09;285,0;call;07/15/2016;0,15;0,03;0,15;0;0,2686;0,2446;0,2926;0,0071;0,0006;-0,0017;0,0249
723;174,09;285,0;put;07/15/2016;0,0;109,1;113,6;0;0,2417;0,0;0,462;-0,9944;0,0003;-0,003;0,0116
724;174,09;290,0;call;07/15/2016;0,13;0,02;0,15;0;0,2722;0,243;0,3013;0,0061;0,0005;-0,0015;0,0218
725;174,09;290,0;put;07/15/2016;0,0;114,45;118,6;0;0,2851;0,0;0,4734;-0,9889;0,0007;-0,0045;0,0294
726;174,09;90,0;call;01/20/2017;89,0;82,2;87,0;0;0,4001;0,0;0,5277;0,9613;0,0011;-0,0056;0,1371
727;174,09;90,0;put;01/20/2017;1,1;1,08;1,22;10;0,4;0,3949;0,4051;-0,0349;0,0011;-0,0073;0,13700000000000000
728;174,09;95,0;call;01/20/2017;0,0;77,0;81,95;0;0,3729;0,0;0,49;0,9582;0,0012;-0,0056;0,147
729;174,09;95,0;put;01/20/2017;1,14;1,27;1,42;0;0,3843;0,3795;0,389;-0,0416;0,0013;-0,008;0,1579
730;174,09;100,0;call;01/20/2017;76,34;72,55;77,45;0;0,3601;0,0;0,475;0,9502;0,0015;-0,0065;0,1717
731;174,09;100,0;put;01/20/2017;1,64;1,45;1,67;0;0,3687;0,3626;0,3748;-0,0491;0,0016;-0,0088;0,1806
732;174,09;105,0;call;01/20/2017;85,57;67,85;72,5;0;0,3486;0,0;0,4435;0,9404;0,0018;-0,0076;0,2
733;174,09;105,0;put;01/20/2017;1,65;1,72;1,96;0;0,3553;0,3495;0,3611;-0,0586;0,0018;-0,0098;0,2075
734;174,09;110,0;call;01/20/2017;88,25;63,2;67,85;0;0,331;0,0;0,4234;0,9319;0,0021;-0,0082;0,2236
735;174,09;110,0;put;01/20/2017;2,23;2,04;2,32;4;0,3431;0,3372;0,349;-0,0698;0,0022;-0,0108;0,2379
736;174,09;115,0;call;01/20/2017;69,78;58,55;63,0;0;0,2867;0,1773;0,3962;0,9360000000000000;0,0023;-0,0064;0,2124
737;174,09;115,0;put;01/20/2017;2,65;2,3;2,72;1;0,3289;0,321;0,3367;-0,0817;0,0026;-0,0117;0,2681
738;174,09;120,0;call;01/20/2017;70,0;54,05;58,5;0;0,2971;0,2146;0,3796;0,9107;0,003;-0,0093;0,2777
739;174,09;120,0;put;01/20/2017;2,66;2,88;3,2;0;0,3202;0,315;0,3254;-0,0981;0,003;-0,0131;0,3071
740;174,09;125,0;call;01/20/2017;53,0;50,1;53,85;1;0,3022;0,2457;0,3587;0,8848;0,0035;-0,0119;0,3372
741;174,09;125,0;put;01/20/2017;2,89;3,5;3,8;0;0,3114;0,3071;0,3157;-0,1167;0,0035;-0,0145;0,3482
742;174,09;130,0;call;01/20/2017;55,4;46,6;49,35;0;0,3057;0,2709;0,3405;0,8568;0,0041;-0,0144;0,3942
743;174,09;130,0;put;01/20/2017;4,4;4,15;4,5;2;0,302;0,2975;0,3065;-0,1375;0,0041;-0,0157;0,3902
744;174,09;135,0;call;01/20/2017;65,3;42,25;44,9;0;0,2923;0,2616;0,32300000000000000;0,8356;0,0047;-0,0152;0,4331
745;174,09;135,0;put;01/20/2017;5,1;4,9;5,3;2;0,2928;0,2882;0,2974;-0,161;0,0047;-0,017;0,4336
746;174,09;140,0;call;01/20/2017;47,91;38,1;40,95;0;0,2847;0,2549;0,3146;0,8082;0,0053;-0,0165;0,4786
747;174,09;140,0;put;01/20/2017;6,08;5,8;6,25;28;0,2845;0,2797;0,2892;-0,1879;0,0053;-0,0182;0,4783
748;174,09;145,0;call;01/20/2017;38,4;34,95;36,1;0;0,2761;0,2651;0,2871;0,7784;0,006;-0,0176;0,5225
749;174,09;145,0;put;01/20/2017;7,05;6,9;7,35;2;0,2771;0,2728;0,2814;-0,2184;0,006;-0,0194;0,5232
750;174,09;150,0;call;01/20/2017;33,98;31,4;32,15;1;0,2689;0,2623;0,2755;0,7447;0,0067;-0,0187;0,5657
751;174,09;150,0;put;01/20/2017;8,55;8,1;8,55;24;0,2689;0,2649;0,2729;-0,2516;0,0067;-0,0204;0,5657
752;174,09;155,0;call;01/20/2017;35,2;27,9;28,65;0;0,2631;0,2569;0,2693;0,7073;0,0073;-0,0198;0,6062
753;174,09;155,0;put;01/20/2017;9,7;9,6;10,05;2;0,2631;0,2594;0,2668;-0,2891;0,0073;-0,0215;0,6062
754;174,09;160,0;call;01/20/2017;24,65;24,75;25,25;5;0,2584;0,2549;0,2619;0,6668;0,0079;-0,0207;0,6418
755;174,09;160,0;put;01/20/2017;11,6;11,15;11,7;8;0,256;0,2517;0,2603;-0,3289;0,0079;-0,0221;0,6413
756;174,09;165,0;call;01/20/2017;23,37;21,7;22,15;0;0,2531;0,2497;0,2565;0,6241;0,0084;-0,0213;0,6706
757;174,09;165,0;put;01/20/2017;13,15;13,05;13,6;1;0,2506;0,2465;0,2547;-0,3719;0,0085;-0,0227;0,6704
758;174,09;170,0;call;01/20/2017;18,9;18,8;19,3;12;0,2476;0,244;0,2512;0,5794;0,0088;-0,0215;0,6915
759;174,09;170,0;put;01/20/2017;15,55;15,2;15,7;13;0,2454;0,2418;0,249;-0,4171;0,0089;-0,023;0,6916
760;174,09;175,0;call;01/20/2017;16,45;16,3;16,7;18;0,2439;0,2411;0,2467;0,5334;0,0091;-0,0217;0,7036
761;174,09;175,0;put;01/20/2017;17,35;17,6;18,05;0;0,2407;0,2375;0,2439;-0,4638;0,0093;-0,0231;0,7037
762;174,09;180,0;call;01/20/2017;13,85;13,95;14,55;37;0,2415;0,2372;0,2457;0,4874;0,0093;-0,0216;0,7061
763;174,09;180,0;put;01/20/2017;20,7;19,7;20,65;176;0,2326;0,2259;0,2393;-0,513;0,0096;-0,0224;0,7059
764;174,09;185,0;call;01/20/2017;12,45;11,75;12,2;8;0,2356;0,2324;0,2389;0,4396;0,0094;-0,0209;0,6987
765;174,09;185,0;put;01/20/2017;21,85;23,05;23,5;0;0,2318;0,2286;0,235;-0,5592;0,0095;-0,0222;0,698
766;174,09;190,0;call;01/20/2017;10,0;10,0;10,45;26;0,2343;0,2309;0,2377;0,3954;0,0092;-0,0204;0,6826
767;174,09;190,0;put;01/20/2017;26,45;26,0;26,6;111;0,2268;0,2224;0,2313;-0,6072;0,0095;-0,0213;0,6796
768;174,09;195,0;call;01/20/2017;8,4;8,25;8,7;2;0,2298;0,2263;0,2334;0,35;0,009000000000000000;-0,0192;0,6567
769;174,09;195,0;put;01/20/2017;29,85;29,45;29,95;17;0,2242;0,2204;0,2281;-0,652;0,0092;-0,0203;0,6528
770;174,09;200,0;call;01/20/2017;7,4;6,85;7,3;10;0,2277;0,2239;0,2315;0,3086;0,0087;-0,0182;0,6244
771;174,09;200,0;put;01/20/2017;33,75;32,8;33,5;9;0,2192;0,2135;0,2249;-0,6975;0,0089;-0,0189;0,6155
772;174,09;210,0;call;01/20/2017;4,83;4,65;5,0;5;0,223;0,2201;0,2258;0,233;0,0077;-0,0155;0,5426
773;174,09;210,0;put;01/20/2017;40,0;40,65;41,3;0;0,2151;0,2089;0,2212;-0,7739;0,0078;-0,0163;0,5287
774;174,09;220,0;call;01/20/2017;3,35;3,05;3,35;5;0,2192;0,2163;0,2222;0,1703;0,0065;-0,0127;0,4496
775;174,09;220,0;put;01/20/2017;46,68;47,9;50,95;2;0,2075;0,1709;0,2441;-0,8422;0,0064;-0,0129;0,4213
776;174,09;230,0;call;01/20/2017;2,39;2,02;2,24;0;0,2169;0,2142;0,2196;0,1218;0,0052;-0,01;0,3589
777;174,09;230,0;put;01/20/2017;49,7;56,75;59,85;0;0,1906;0,1344;0,2468;-0,9086;0,0047;-0,0086;0,2827
778;174,09;240,0;call;01/20/2017;1,4;1,31;1,42;2;0,2149;0,213;0,2169;0,085;0,0041;-0,0077;0,2762
779;174,09;240,0;put;01/20/2017;64,45;65,2;68,5;0;0,1789;0,0;0,2342;-0,9507;0,003;-0,0056;0,1702
780;174,09;250,0;call;01/20/2017;1,1;0,86;1,07;0;0,218;0,2129;0,2231;0,0626;0,0032;-0,0062;0,2186
781;174,09;250,0;put;01/20/2017;61,0;74,55;79,5;0;0,1802;0,0;0,2837;-0,9674;0,0021;-0,0044;0,1172
782;174,09;260,0;call;01/20/2017;0,8;0,58;0,78;0;0,2202;0,2144;0,2261;0,0455;0,0024;-0,0048;0,1699
783;174,09;260,0;put;01/20/2017;56,95;84,5;89,35;0;0,1793;0,0;0,2999;-0,9794;0,0013;-0,0034;0,0746
784;174,09;270,0;call;01/20/2017;0,63;0,38;0,58;0;0,2228;0,2154;0,2302;0,0333;0,0019;-0,0038;0,1318
785;174,09;270,0;put;01/20/2017;77,75;94,15;99,0;0;0,1554;0,0;0,3085;-0,993;0,0004;-0,002;0,0179
786;174,09;280,0;call;01/20/2017;0,5;0,23;0,45;0;0,2243;0,2129;0,2357;0,0239;0,0014;-0,0029;0,1
787;174,09;280,0;put;01/20/2017;98,0;104,0;108,95;0;0,0546;0,0;0,3247;-0,9963;0,0;-0,0017;0,0
788;174,09;290,0;call;01/20/2017;0,3;0,14;0,35;0;0,2259;0,2124;0,2395;0,0172;0,0011;-0,0022;0,0757
789;174,09;290,0;put;01/20/2017;109,04;114,05;119,0;0;0,0546;0,0;0,3431;-0,9963;0,0;-0,0017;0,0
790;174,09;300,0;call;01/20/2017;0,16;0,08;0,29;0;0,2277;0,2096;0,2458;0,0125;0,0008;-0,0017;0,0573
791;174,09;300,0;put;01/20/2017;109,0;124,0;128,85;0;0,0546;0,0;0,354;-0,9963;0,0;-0,0017;0,0
792;174,09;310,0;call;01/20/2017;0,38;0,03;0,25;0;0,2262;0,1995;0,2528;0,0082;0,0006;-0,0012;0,0397
793;174,09;310,0;put;01/20/2017;98,5;134,0;138,8;0;0,0546;0,0;0,3673;-0,9963;0,0;-0,0017;0,0
794;174,09;90,0;call;01/19/2018;0,0;82,55;87,5;0;0,2762;0,0;0,3742;0,9693;0,001;-0,0032;0,1726
795;174,09;90,0;put;01/19/2018;2,64;2,38;2,65;1;0,3445;0,3397;0,3493;-0,0562;0,0013;-0,0065;0,2815
796;174,09;95,0;call;01/19/2018;0,0;78,05;83,0;0;0,2799;0,0;0,3633;0,9568;0,0013;-0,0043;0,2278
797;174,09;95,0;put;01/19/2018;2,75;2,55;3,2;0;0,3324;0,3221;0,3427;-0,0651;0,0015;-0,007000000000000000;0,3155
798;174,09;100,0;call;01/19/2018;79,5;73,55;78,5;0;0,2791;0,0;0,3517;0,9441;0,0016;-0,0053;0,2801
799;174,09;100,0;put;01/19/2018;2,8;3,0;3,6;0;0,3217;0,3132;0,3302;-0,0754;0,0018;-0,0076;0,3535
800;174,09;105,0;call;01/19/2018;0,0;69,05;74,0;0;0,2755;0,0;0,3395;0,9308;0,0019;-0,0061;0,3308
801;174,09;105,0;put;01/19/2018;4,0;3,5;4,15;4;0,3127;0,3044;0,3209;-0,0876;0,002;-0,0083;0,3957
802;174,09;110,0;call;01/19/2018;71,0;65,05;69,95;0;0,2691;0,203;0,3353;0,9172;0,0023;-0,0069;0,3792
803;174,09;110,0;put;01/19/2018;3,7;4,1;5,4;0;0,3112;0,2968;0,3257;-0,1047;0,0023;-0,0094;0,4511
804;174,09;115,0;call;01/19/2018;0,0;61,1;65,8;0;0,2752;0,2226;0,3277;0,8947;0,0027;-0,0084;0,4531
805;174,09;115,0;put;01/19/2018;0,0;4,8;6,05;0;0,3025;0,2899;0,3151;-0,1198;0,0027;-0,0101;0,4968
806;174,09;120,0;call;01/19/2018;62,55;57,05;61,7;0;0,2741;0,2285;0,3198;0,8741;0,003;-0,0095;0,5142
807;174,09;120,0;put;01/19/2018;6,1;5,55;6,8;0;0,294;0,2825;0,3055;-0,1365;0,003;-0,0107;0,5439
808;174,09;125,0;call;01/19/2018;64,45;53,5;57,8;0;0,2769;0,2393;0,3145;0,8498;0,0034;-0,0108;0,5802
809;174,09;125,0;put;01/19/2018;5,84;6,35;7,7;0;0,28600000000000000;0,2746;0,2974;-0,155;0,0034;-0,0114;0,5924
810;174,09;130,0;call;01/19/2018;52,0;50,0;53,9;0;0,276;0,2453;0,3067;0,8259;0,0037;-0,0118;0,6388
811;174,09;130,0;put;01/19/2018;8,14;7,3;8,8;1;0,2796;0,268;0,2913;-0,1759;0,0037;-0,0121;0,643
812;174,09;135,0;call;01/19/2018;46,13;45,9;50,25;0;0,2699;0,2382;0,3015;0,8031;0,0041;-0,0125;0,6896
813;174,09;135,0;put;01/19/2018;8,25;8,35;10,15;0;0,2743;0,2613;0,2873;-0,19900000000000000;0,0041;-0,0128;0,6940000000000000
814;174,09;140,0;call;01/19/2018;52,75;42,95;46,7;0;0,271;0,2458;0,2962;0,7754;0,0044;-0,0136;0,7449
815;174,09;140,0;put;01/19/2018;10,4;9,55;11,75;1;0,2701;0,2553;0,2849;-0,2243;0,0045;-0,0135;0,7442
816;174,09;145,0;call;01/19/2018;0,0;39,0;43,3;0;0,2642;0,237;0,2915;0,7496;0,0048;-0,014000000000000000;0,7907
817;174,09;145,0;put;01/19/2018;10,03;10,85;12,9;0;0,2621;0,2491;0,2751;-0,2496;0,0049;-0,0139;0,7894
818;174,09;150,0;call;01/19/2018;41,7;34,9;39,45;0;0,2527;0,2255;0,2799;0,7235;0,0053;-0,0141;0,8318
819;174,09;150,0;put;01/19/2018;13,7;12,4;14,25;2;0,2556;0,2445;0,2667;-0,2774;0,0053;-0,0143;0,8331
820;174,09;155,0;call;01/19/2018;36,35;32,65;36,75;0;0,2574;0,2341;0,2806;0,6914;0,0055;-0,0151;0,8753
821;174,09;155,0;put;01/19/2018;17,2;14,15;16,3;0;0,2528;0,2405;0,2651;-0,3078;0,0056;-0,0148;0,8743
822;174,09;160,0;call;01/19/2018;36,62;29,45;31,95;0;0,243;0,2291;0,2568;0,6616;0,0061;-0,0148;0,9093
823;174,09;160,0;put;01/19/2018;17,05;16,1;18,25;0;0,2489;0,2371;0,2607;-0,33900000000000000;0,0059;-0,0152;0,9099
824;174,09;165,0;call;01/19/2018;29,3;26,8;29,25;0;0,2414;0,2284;0,2545;0,6285;0,0063;-0,0152;0,9399
825;174,09;165,0;put;01/19/2018;18,1;18,15;20,7;0;0,2467;0,2331;0,2602;-0,3713;0,0062;-0,0156;0,9397
826;174,09;170,0;call;01/19/2018;26,0;24,8;26,7;1;0,2424;0,2326;0,2522;0,5955;0,0064;-0,0157;0,9632
827;174,09;170,0;put;01/19/2018;21,7;20,4;22,9;9;0,2424;0,2294;0,2554;-0,4045;0,0064;-0,0157;0,9632
828;174,09;175,0;call;01/19/2018;28,47;21,95;25,7;0;0,2453;0,2262;0,2643;0,5637;0,0065;-0,0161;0,9791
829;174,09;175,0;put;01/19/2018;24,15;22,85;26,15;2;0,243;0,2261;0,2599;-0,43700000000000000;0,0065;-0,016;0,9794
830;174,09;180,0;call;01/19/2018;22,0;20,0;23,05;2;0,2428;0,2274;0,2581;0,5307;0,0066;-0,0161;0,9889
831;174,09;180,0;put;01/19/2018;23,0;25,35;28,15;0;0,2359;0,2217;0,25;-0,4724;0,0068;-0,0157;0,9894
832;174,09;185,0;call;01/19/2018;23,04;17,3;21,35;0;0,2398;0,2193;0,2602;0,4975;0,0067;-0,016;0,9918
833;174,09;185,0;put;01/19/2018;26,6;28,05;31,95;0;0,2373;0,2177;0,257;-0,5039;0,0068;-0,0158;0,9917
834;174,09;190,0;call;01/19/2018;23,5;16,0;19,45;0;0,2414;0,2238;0,259;0,4676;0,0066;-0,016;0,9885
835;174,09;190,0;put;01/19/2018;32,2;30,9;33,8;0;0,2282;0,2135;0,2429;-0,542;0,007000000000000000;-0,0151;0,9863
836;174,09;195,0;call;01/19/2018;18,22;14,25;17,6;0;0,2396;0,2222;0,2571;0,4363;0,0066;-0,0158;0,9791
837;174,09;195,0;put;01/19/2018;30,8;34,05;37,05;0;0,226;0,2106;0,2414;-0,5754;0,007000000000000000;-0,0148;0,9740000000000000
838;174,09;200,0;call;01/19/2018;13,5;12,55;15,85;2;0,2366;0,2196;0,2536;0,4045;0,0066;-0,0153;0,9632
839;174,09;200,0;put;01/19/2018;34,78;37,4;40,95;0;0,2268;0,2082;0,2453;-0,6051;0,0068;-0,0146;0,9572
840;174,09;210,0;call;01/19/2018;12,3;9,8;12,95;0;0,2338;0,2167;0,2509;0,3465;0,0063;-0,0144;0,9174
841;174,09;210,0;put;01/19/2018;37,7;44,65;47,2;0;0,2187;0,2045;0,2329;-0,6715;0,0066;-0,0132;0,8986
842;174,09;220,0;call;01/19/2018;8,56;7,75;10,2;0;0,2306;0,2165;0,2448;0,2925;0,006;-0,0132;0,8544
843;174,09;220,0;put;01/19/2018;49,25;51,7;55,5;0;0,2146;0,1915;0,2378;-0,7292;0,0062;-0,0119;0,8232
844;174,09;230,0;call;01/19/2018;12,0;5,45;8,0;0;0,2236;0,207;0,2401;0,23800000000000000;0,0056;-0,0116;0,7693
845;174,09;230,0;put;01/19/2018;0,0;59,0;63,95;0;0,2059;0,1712;0,2406;-0,7882;0,0057;-0,01;0,7201
846;174,09;240,0;call;01/19/2018;5,27;4,0;6,35;0;0,2206;0,2034;0,2378;0,1944;0,005;-0,0101;0,6842
847;174,09;240,0;put;01/19/2018;72,75;67,5;72,4;0;0,1987;0,1578;0,2397;-0,8388;0,0049;-0,0081;0,6079
848;174,09;250,0;call;01/19/2018;3,96;3,2;4,95;0;0,2204;0,2059;0,2348;0,1604;0,0044;-0,009000000000000000;0,6059
849;174,09;250,0;put;01/19/2018;0,0;76,5;81,0;0;0,1887;0,1406;0,2369;-0,8865;0,0041;-0,0061;0,4782
850;174,09;260,0;call;01/19/2018;6,0;3,0;3,85;0;0,2246;0,2168;0,2324;0,1378;0,0039;-0,0083;0,5473
851;174,09;260,0;put;01/19/2018;75,55;85,5;90,45;0;0,1895;0,0;0,2439;-0,9110000000000000;0,0034;-0,0051;0,4004
852;174,09;270,0;call;01/19/2018;2,4;2,0;3,6;1;0,2257;0,2092;0,2423;0,115;0,0035;-0,0073;0,4826
853;174,09;270,0;put;01/19/2018;84,6;94,5;99,45;0;0,1835;0,0;0,2409;-0,9387;0,0027;-0,0037;0,3013
854;174,09;280,0;call;01/19/2018;0,0;1,19;2,55;0;0,2162;0,1981;0,2342;0,083;0,0028;-0,0055;0,38
855;174,09;280,0;put;01/19/2018;0,0;104,0;108,9;0;0,18;0,0;0,2434;-0,9573;0,002;-0,0027;0,2259
856;174,09;290,0;call;01/19/2018;0,0;0,76;1,9;0;0,2117;0,193;0,2304;0,0622;0,0023;-0,0043;0,3045
857;174,09;290,0;put;01/19/2018;0,0;114,0;118,9;0;0,1811;0,0;0,2557;-0,9674;0,0016;-0,0022;0,1812
